id,category,age_group,quick_critical,severity_score,extent_affected,duration_mins,breathing_difficulty,consciousness_level,pain_level,urgency
SP-1001,bleeding,child,0,2,1,9,0,0,4,MODERATE
SP-1002,injury,child,0,2,1,60,0,0,1,MODERATE
SP-1003,injury,child,0,3,3,26,0,0,9,LOW
SP-1004,bleeding,elderly,1,1,3,18,0,1,7,HIGH
SP-1005,choking,child,1,2,1,3,1,1,6,HIGH
SP-1006,cardiac,adult,1,2,1,3,1,1,9,HIGH
SP-1007,bleeding,child,1,1,2,1,0,0,2,HIGH
SP-1008,cardiac,adult,0,2,1,40,0,0,6,MODERATE
SP-1009,bleeding,adult,1,1,3,18,0,1,4,HIGH
SP-1010,injury,adult,1,2,1,24,0,0,4,HIGH
SP-1011,bleeding,adult,1,3,3,1,0,1,6,HIGH
SP-1012,cardiac,child,1,1,1,70,1,2,9,HIGH
SP-1013,cardiac,adult,1,1,3,35,1,2,8,HIGH
SP-1014,burns,adult,1,3,2,4,0,0,10,HIGH
SP-1015,injury,adult,0,3,1,4,0,0,2,LOW
SP-1016,choking,child,0,2,1,4,0,0,8,MODERATE
SP-1017,injury,elderly,0,3,1,7,0,0,5,LOW
SP-1018,choking,elderly,0,3,3,14,0,0,1,MODERATE
SP-1019,choking,elderly,0,2,1,11,0,0,1,MODERATE
SP-1020,cardiac,elderly,0,3,1,6,0,0,3,HIGH
SP-1021,injury,adult,0,1,3,18,0,0,4,LOW
SP-1022,choking,adult,0,3,2,3,0,0,2,MODERATE
SP-1023,injury,adult,0,1,1,6,0,0,2,LOW
SP-1024,bleeding,elderly,0,1,3,9,0,0,4,MODERATE
SP-1025,injury,adult,0,1,2,12,0,0,7,LOW
SP-1026,cardiac,adult,0,3,1,30,0,0,2,LOW
SP-1027,bleeding,adult,0,1,3,4,0,0,8,MODERATE
SP-1028,bleeding,adult,0,3,1,14,0,0,1,HIGH
SP-1029,bleeding,elderly,0,1,1,17,0,0,7,LOW
SP-1030,bleeding,child,1,1,2,1,0,0,5,HIGH
SP-1031,injury,adult,1,2,1,18,0,0,4,HIGH
SP-1032,injury,child,0,2,1,3,0,0,1,MODERATE
SP-1033,burns,child,0,3,1,1,0,0,3,HIGH
SP-1034,cardiac,child,0,3,1,59,0,0,10,MODERATE
SP-1035,injury,adult,0,2,2,67,0,0,4,MODERATE
SP-1036,burns,adult,1,2,2,33,0,0,6,HIGH
SP-1037,injury,elderly,0,1,1,7,0,0,9,LOW
SP-1038,bleeding,elderly,0,2,2,2,0,0,3,MODERATE
SP-1039,injury,child,1,3,2,23,0,0,2,HIGH
SP-1040,bleeding,adult,0,1,2,11,0,0,5,HIGH
SP-1041,choking,adult,1,2,1,2,1,1,2,HIGH
SP-1042,choking,elderly,1,3,2,13,1,1,3,HIGH
SP-1043,bleeding,child,0,3,1,1,0,0,9,HIGH
SP-1044,cardiac,child,0,2,2,48,0,0,1,MODERATE
SP-1045,bleeding,adult,0,3,2,5,0,0,10,HIGH
SP-1046,burns,elderly,1,1,2,21,0,0,1,HIGH
SP-1047,cardiac,elderly,0,3,1,7,0,0,5,MODERATE
SP-1048,bleeding,elderly,1,1,1,14,0,1,8,HIGH
SP-1049,burns,child,1,1,2,15,0,0,6,HIGH
SP-1050,choking,adult,1,2,3,4,1,2,9,HIGH
SP-1051,choking,child,0,2,1,69,0,0,2,MODERATE
SP-1052,cardiac,adult,0,3,1,29,0,0,7,MODERATE
SP-1053,cardiac,child,1,3,3,56,1,1,8,HIGH
SP-1054,choking,adult,0,3,1,45,0,0,5,MODERATE
SP-1055,choking,adult,1,1,2,18,1,1,7,HIGH
SP-1056,choking,adult,1,1,2,50,1,1,5,HIGH
SP-1057,choking,adult,1,2,3,1,1,2,4,HIGH
SP-1058,burns,adult,1,2,3,4,0,0,10,HIGH
SP-1059,choking,adult,1,1,1,1,1,1,1,HIGH
SP-1060,bleeding,adult,0,3,3,7,0,0,4,HIGH
SP-1061,burns,adult,0,1,1,9,0,0,7,LOW
SP-1062,cardiac,child,0,1,1,6,0,0,8,MODERATE
SP-1063,injury,adult,1,2,3,35,0,0,9,HIGH
SP-1064,burns,adult,0,2,2,8,0,0,5,MODERATE
SP-1065,injury,adult,0,1,2,6,0,0,8,LOW
SP-1066,choking,elderly,0,1,1,15,0,0,3,LOW
SP-1067,bleeding,adult,0,2,3,3,0,0,8,MODERATE
SP-1068,injury,elderly,1,1,3,32,0,0,7,HIGH
SP-1069,cardiac,elderly,0,2,3,1,0,0,9,HIGH
SP-1070,cardiac,adult,1,2,2,86,1,2,8,HIGH
SP-1071,injury,adult,0,2,3,29,0,0,10,MODERATE
SP-1072,cardiac,child,0,2,2,4,0,0,6,MODERATE
SP-1073,cardiac,adult,0,2,2,1,0,0,2,MODERATE
SP-1074,bleeding,elderly,1,2,1,33,0,0,2,HIGH
SP-1075,burns,child,0,1,3,24,0,0,3,HIGH
SP-1076,burns,adult,1,2,2,26,0,0,3,HIGH
SP-1077,burns,elderly,1,1,3,29,0,0,1,HIGH
SP-1078,cardiac,adult,0,3,1,1,0,0,2,LOW
SP-1079,choking,elderly,1,3,1,8,1,1,10,HIGH
SP-1080,choking,child,1,3,2,2,1,1,1,HIGH
SP-1081,choking,adult,1,2,3,39,1,2,3,HIGH
SP-1082,choking,adult,0,3,2,19,0,0,8,MODERATE
SP-1083,burns,elderly,0,1,2,8,0,0,8,HIGH
SP-1084,cardiac,adult,0,2,2,1,0,0,3,MODERATE
SP-1085,choking,adult,0,3,3,7,0,0,5,MODERATE
SP-1086,burns,adult,0,2,3,7,0,0,4,HIGH
SP-1087,bleeding,child,0,1,2,26,0,0,4,MODERATE
SP-1088,injury,adult,0,3,3,20,0,0,6,LOW
SP-1089,burns,child,1,1,2,43,0,0,2,HIGH
SP-1090,burns,adult,1,2,2,12,0,0,10,HIGH
SP-1091,bleeding,elderly,0,2,1,2,0,0,6,MODERATE
SP-1092,choking,child,1,1,3,24,1,2,5,HIGH
SP-1093,cardiac,child,1,1,3,28,1,1,8,HIGH
SP-1094,burns,elderly,1,2,2,16,0,0,2,HIGH
SP-1095,bleeding,child,1,3,2,29,0,0,2,HIGH
SP-1096,injury,adult,1,3,1,13,0,0,9,HIGH
SP-1097,injury,elderly,1,2,3,14,0,0,10,HIGH
SP-1098,burns,adult,0,2,3,11,0,0,2,HIGH
SP-1099,bleeding,adult,0,3,3,1,0,0,8,HIGH
SP-1100,cardiac,child,0,1,2,2,0,0,10,MODERATE
SP-1101,burns,adult,0,2,1,1,0,0,2,MODERATE
SP-1102,injury,elderly,0,2,1,20,0,0,8,HIGH
SP-1103,injury,adult,0,2,1,7,0,0,10,MODERATE
SP-1104,choking,child,0,1,3,14,0,0,10,LOW
SP-1105,choking,adult,1,1,2,47,1,1,9,HIGH
SP-1106,injury,adult,0,2,1,5,0,0,8,HIGH
SP-1107,burns,adult,1,3,2,10,0,0,5,HIGH
SP-1108,bleeding,adult,1,2,2,28,0,1,6,HIGH
SP-1109,bleeding,adult,0,3,2,5,0,0,7,HIGH
SP-1110,cardiac,adult,0,1,1,1,0,0,5,MODERATE
SP-1111,cardiac,child,0,3,3,6,0,0,4,MODERATE
SP-1112,injury,adult,1,1,1,3,0,0,8,HIGH
SP-1113,choking,adult,1,2,2,53,1,1,8,HIGH
SP-1114,cardiac,child,0,3,3,33,0,0,3,LOW
SP-1115,cardiac,adult,1,3,2,20,1,2,8,HIGH
SP-1116,injury,elderly,0,2,1,41,0,0,8,MODERATE
SP-1117,injury,adult,0,2,1,32,0,0,4,MODERATE
SP-1118,bleeding,adult,1,2,3,4,0,1,7,HIGH
SP-1119,burns,adult,1,1,1,44,0,0,9,HIGH
SP-1120,cardiac,child,0,2,1,15,0,0,3,MODERATE
SP-1121,choking,adult,1,3,2,32,1,2,2,HIGH
SP-1122,cardiac,elderly,0,3,3,45,0,0,8,HIGH
SP-1123,choking,elderly,1,3,1,7,1,1,7,HIGH
SP-1124,bleeding,adult,0,3,2,2,0,0,1,HIGH
SP-1125,choking,adult,1,1,3,5,1,1,7,HIGH
SP-1126,bleeding,adult,0,2,3,11,0,0,4,MODERATE
SP-1127,choking,adult,1,3,1,34,1,1,8,HIGH
SP-1128,cardiac,elderly,1,3,2,39,1,2,8,HIGH
SP-1129,burns,elderly,0,2,1,1,0,0,4,MODERATE
SP-1130,choking,child,1,3,2,14,1,1,5,HIGH
SP-1131,bleeding,elderly,1,3,2,10,0,1,5,HIGH
SP-1132,burns,adult,1,3,2,5,0,0,3,HIGH
SP-1133,choking,elderly,1,1,3,2,1,1,6,HIGH
SP-1134,cardiac,child,0,1,3,8,0,0,6,MODERATE
SP-1135,cardiac,elderly,1,2,3,57,1,2,8,HIGH
SP-1136,burns,elderly,1,1,3,7,0,0,7,HIGH
SP-1137,cardiac,child,1,3,1,14,1,1,8,HIGH
SP-1138,choking,child,1,1,2,24,1,1,1,HIGH
SP-1139,injury,adult,1,1,3,9,0,0,8,HIGH
SP-1140,burns,child,0,1,2,71,0,0,8,HIGH
SP-1141,cardiac,adult,1,3,3,65,1,2,9,HIGH
SP-1142,bleeding,elderly,0,3,2,5,0,0,5,HIGH
SP-1143,burns,elderly,1,1,3,13,0,0,6,HIGH
SP-1144,cardiac,adult,0,1,2,7,0,0,2,LOW
SP-1145,choking,adult,1,1,3,6,1,1,4,HIGH
SP-1146,burns,elderly,0,1,2,1,0,0,3,MODERATE
SP-1147,burns,elderly,1,3,2,18,0,0,3,HIGH
SP-1148,choking,elderly,0,1,3,13,0,0,6,LOW
SP-1149,cardiac,adult,1,3,1,1,1,1,8,HIGH
SP-1150,bleeding,adult,0,1,3,6,0,0,1,HIGH
SP-1151,choking,adult,1,1,1,47,1,1,8,HIGH
SP-1152,cardiac,child,0,1,2,5,0,0,10,MODERATE
SP-1153,injury,adult,0,3,3,3,0,0,6,LOW
SP-1154,injury,adult,1,1,3,13,0,0,2,HIGH
SP-1155,burns,adult,1,1,2,84,0,0,6,HIGH
SP-1156,choking,adult,1,3,2,5,1,1,6,HIGH
SP-1157,bleeding,elderly,0,1,2,22,0,0,2,MODERATE
SP-1158,bleeding,adult,1,3,3,28,0,1,6,HIGH
SP-1159,cardiac,elderly,1,3,1,5,1,1,8,HIGH
SP-1160,injury,adult,0,3,2,26,0,0,4,LOW
SP-1161,bleeding,elderly,1,3,1,9,0,1,7,HIGH
SP-1162,injury,adult,1,3,1,20,0,0,10,HIGH
SP-1163,burns,adult,1,2,2,20,0,0,6,HIGH
SP-1164,cardiac,child,0,3,3,15,0,0,1,LOW
SP-1165,cardiac,adult,0,2,2,1,0,0,6,MODERATE
SP-1166,injury,child,0,1,2,36,0,0,8,LOW
SP-1167,choking,adult,0,3,1,7,0,0,6,MODERATE
SP-1168,cardiac,adult,0,2,1,4,0,0,4,MODERATE
SP-1169,choking,elderly,0,1,2,1,0,0,5,LOW
SP-1170,burns,child,1,3,3,17,0,0,4,HIGH
SP-1171,bleeding,adult,1,3,1,22,0,1,7,HIGH
SP-1172,injury,adult,0,2,3,1,0,0,7,MODERATE
SP-1173,burns,elderly,0,3,2,14,0,0,6,MODERATE
SP-1174,injury,adult,0,1,2,5,0,0,5,LOW
SP-1175,bleeding,adult,0,1,3,20,0,0,9,HIGH
SP-1176,burns,adult,1,1,2,3,0,0,4,HIGH
SP-1177,bleeding,child,1,3,2,23,0,0,8,HIGH
SP-1178,injury,adult,0,3,2,9,0,0,6,LOW
SP-1179,choking,elderly,0,3,1,55,0,0,6,MODERATE
SP-1180,bleeding,adult,0,2,1,2,0,0,2,MODERATE
SP-1181,injury,elderly,1,3,1,8,0,0,8,HIGH
SP-1182,injury,adult,1,1,1,2,0,0,8,HIGH
SP-1183,bleeding,adult,0,1,1,51,0,0,4,HIGH
SP-1184,injury,child,0,2,2,41,0,0,7,MODERATE
SP-1185,choking,child,0,1,3,5,0,0,7,LOW
SP-1186,injury,elderly,1,2,1,21,0,0,10,HIGH
SP-1187,cardiac,child,1,3,1,33,1,2,8,HIGH
SP-1188,injury,child,0,3,2,16,0,0,9,LOW
SP-1189,burns,adult,1,2,1,15,0,0,4,HIGH
SP-1190,bleeding,adult,0,3,3,5,0,0,9,HIGH
SP-1191,burns,adult,1,1,1,1,0,0,3,HIGH
SP-1192,burns,adult,0,1,2,45,0,0,6,MODERATE
SP-1193,choking,elderly,1,2,1,46,1,1,9,HIGH
SP-1194,burns,adult,0,3,2,20,0,0,8,HIGH
SP-1195,cardiac,elderly,0,1,3,8,0,0,3,HIGH
SP-1196,choking,adult,1,1,3,8,1,1,9,HIGH
SP-1197,choking,adult,1,3,1,25,1,1,7,HIGH
SP-1198,choking,elderly,1,2,1,45,1,2,7,HIGH
SP-1199,choking,adult,1,2,1,43,1,1,6,HIGH
SP-1200,cardiac,adult,1,1,3,30,1,2,8,HIGH
SP-1201,bleeding,adult,0,1,3,20,0,0,10,MODERATE
SP-1202,choking,child,1,1,2,1,1,2,10,HIGH
SP-1203,injury,adult,0,3,3,3,0,0,10,LOW
SP-1204,injury,adult,0,3,2,45,0,0,3,MODERATE
SP-1205,bleeding,elderly,0,3,3,18,0,0,9,HIGH
SP-1206,cardiac,elderly,0,2,3,1,0,0,1,HIGH
SP-1207,bleeding,elderly,1,3,2,2,0,1,3,HIGH
SP-1208,burns,elderly,0,3,2,21,0,0,8,HIGH
SP-1209,cardiac,child,1,1,1,1,1,2,8,HIGH
SP-1210,injury,adult,0,3,2,3,0,0,5,LOW
SP-1211,bleeding,elderly,1,2,2,15,0,0,2,HIGH
SP-1212,cardiac,elderly,1,2,2,23,1,1,8,HIGH
SP-1213,injury,adult,0,1,3,21,0,0,7,LOW
SP-1214,injury,adult,0,1,1,5,0,0,6,LOW
SP-1215,cardiac,child,0,2,2,24,0,0,8,MODERATE
SP-1216,cardiac,adult,1,1,1,5,1,2,8,HIGH
SP-1217,burns,elderly,0,3,2,7,0,0,1,MODERATE
SP-1218,choking,adult,0,3,1,27,0,0,10,MODERATE
SP-1219,cardiac,elderly,1,3,1,20,1,1,9,HIGH
SP-1220,choking,adult,0,1,1,37,0,0,3,LOW
SP-1221,choking,elderly,1,3,2,21,1,2,4,HIGH
SP-1222,cardiac,adult,1,1,1,16,1,2,8,HIGH
SP-1223,choking,adult,1,3,1,1,1,2,9,HIGH
SP-1224,burns,elderly,1,3,1,9,0,0,2,HIGH
SP-1225,cardiac,child,0,3,3,6,0,0,6,MODERATE
SP-1226,bleeding,child,1,2,3,5,0,1,8,HIGH
SP-1227,bleeding,child,0,2,3,72,0,0,2,MODERATE
SP-1228,injury,adult,1,1,1,9,0,0,7,HIGH
SP-1229,injury,child,1,1,1,44,0,0,6,HIGH
SP-1230,injury,elderly,0,1,2,19,0,0,4,LOW
SP-1231,choking,adult,0,1,3,31,0,0,3,LOW
SP-1232,injury,adult,1,3,2,13,0,0,10,HIGH
SP-1233,injury,adult,0,1,3,17,0,0,7,LOW
SP-1234,injury,adult,0,2,2,13,0,0,4,MODERATE
SP-1235,bleeding,adult,0,1,2,4,0,0,7,MODERATE
SP-1236,choking,elderly,1,2,3,25,1,1,6,HIGH
SP-1237,injury,child,0,1,2,6,0,0,2,LOW
SP-1238,choking,elderly,1,3,2,1,1,1,4,HIGH
SP-1239,injury,adult,1,1,1,20,0,0,8,HIGH
SP-1240,cardiac,child,0,2,3,3,0,0,8,MODERATE
SP-1241,bleeding,child,0,2,3,56,0,0,8,MODERATE
SP-1242,burns,elderly,0,3,2,61,0,0,7,MODERATE
SP-1243,burns,adult,0,2,1,49,0,0,7,MODERATE
SP-1244,injury,adult,0,1,1,9,0,0,2,LOW
SP-1245,choking,elderly,0,1,3,1,0,0,9,LOW
SP-1246,choking,elderly,0,3,2,52,0,0,3,MODERATE
SP-1247,injury,adult,0,2,3,11,0,0,5,MODERATE
SP-1248,cardiac,adult,1,2,2,68,1,1,8,HIGH
SP-1249,cardiac,adult,1,3,3,66,1,2,8,HIGH
SP-1250,injury,adult,0,3,1,38,0,0,10,HIGH
SP-1251,cardiac,child,0,3,1,6,0,0,1,LOW
SP-1252,choking,adult,1,2,3,9,1,2,4,HIGH
SP-1253,bleeding,adult,0,3,1,38,0,0,9,HIGH
SP-1254,choking,elderly,1,2,3,7,1,2,6,HIGH
SP-1255,choking,adult,1,1,1,3,1,2,5,HIGH
SP-1256,choking,elderly,1,3,1,16,1,2,8,HIGH
SP-1257,choking,adult,1,3,3,55,1,1,9,HIGH
SP-1258,burns,adult,0,2,3,23,0,0,2,HIGH
SP-1259,cardiac,adult,0,3,2,16,0,0,9,MODERATE
SP-1260,injury,adult,0,1,3,2,0,0,9,LOW
SP-1261,choking,adult,1,1,3,19,1,2,3,HIGH
SP-1262,cardiac,adult,1,2,2,92,1,1,8,HIGH
SP-1263,bleeding,elderly,1,1,3,3,0,1,10,HIGH
SP-1264,bleeding,elderly,1,1,2,14,0,1,3,HIGH
SP-1265,cardiac,child,0,3,2,41,0,0,1,LOW
SP-1266,bleeding,elderly,1,2,2,27,0,0,8,HIGH
SP-1267,burns,elderly,1,2,2,23,0,0,4,HIGH
SP-1268,choking,adult,1,1,3,24,1,1,6,HIGH
SP-1269,burns,adult,0,3,2,8,0,0,7,MODERATE
SP-1270,burns,elderly,0,2,2,6,0,0,4,MODERATE
SP-1271,choking,elderly,0,2,3,33,0,0,10,MODERATE
SP-1272,bleeding,adult,1,2,2,33,0,1,3,HIGH
SP-1273,choking,adult,0,3,2,40,0,0,6,MODERATE
SP-1274,burns,adult,1,3,2,48,0,0,7,HIGH
SP-1275,burns,elderly,0,3,3,14,0,0,2,HIGH
SP-1276,injury,child,0,3,3,13,0,0,4,LOW
SP-1277,injury,adult,1,3,1,32,0,0,10,HIGH
SP-1278,bleeding,adult,0,3,2,20,0,0,8,HIGH
SP-1279,choking,adult,1,2,2,24,1,1,1,HIGH
SP-1280,choking,adult,1,3,1,31,1,1,2,HIGH
SP-1281,burns,elderly,1,3,3,44,0,0,7,HIGH
SP-1282,cardiac,adult,0,3,3,8,0,0,9,MODERATE
SP-1283,injury,adult,0,1,3,9,0,0,4,LOW
SP-1284,cardiac,adult,0,3,2,1,0,0,9,MODERATE
SP-1285,choking,child,0,1,3,17,0,0,2,LOW
SP-1286,bleeding,adult,0,1,1,1,0,0,10,LOW
SP-1287,bleeding,adult,1,1,2,12,0,1,8,HIGH
SP-1288,bleeding,child,0,2,1,15,0,0,10,MODERATE
SP-1289,choking,adult,0,1,3,6,0,0,9,LOW
SP-1290,injury,elderly,0,1,3,17,0,0,7,LOW
SP-1291,cardiac,elderly,0,2,3,1,0,0,7,HIGH
SP-1292,burns,elderly,0,2,1,1,0,0,4,HIGH
SP-1293,bleeding,adult,0,2,3,34,0,0,9,MODERATE
SP-1294,bleeding,elderly,0,2,1,8,0,0,9,MODERATE
SP-1295,injury,adult,0,1,1,2,0,0,10,LOW
SP-1296,choking,adult,1,1,1,14,1,2,4,HIGH
SP-1297,cardiac,elderly,0,3,3,29,0,0,4,HIGH
SP-1298,choking,adult,1,3,3,4,1,2,6,HIGH
SP-1299,cardiac,child,0,3,2,19,0,0,6,MODERATE
SP-1300,bleeding,adult,0,1,3,1,0,0,3,MODERATE
SP-1301,cardiac,adult,0,1,2,1,0,0,4,MODERATE
SP-1302,choking,adult,0,2,3,15,0,0,8,MODERATE
SP-1303,burns,adult,1,2,1,15,0,0,9,HIGH
SP-1304,bleeding,elderly,0,3,1,20,0,0,1,HIGH
SP-1305,burns,child,1,3,2,25,0,0,6,HIGH
SP-1306,cardiac,adult,0,1,1,74,0,0,9,MODERATE
SP-1307,choking,adult,1,2,1,14,1,1,9,HIGH
SP-1308,burns,child,0,1,3,7,0,0,3,HIGH
SP-1309,choking,adult,1,2,1,31,1,1,6,HIGH
SP-1310,burns,adult,0,1,3,6,0,0,1,HIGH
SP-1311,bleeding,adult,0,3,1,11,0,0,2,HIGH
SP-1312,injury,elderly,1,1,3,1,0,0,1,HIGH
SP-1313,injury,adult,1,1,1,1,0,0,5,HIGH
SP-1314,choking,child,1,1,3,65,1,1,3,HIGH
SP-1315,bleeding,adult,1,3,1,36,0,1,10,HIGH
SP-1316,choking,adult,1,3,1,23,1,1,2,HIGH
SP-1317,cardiac,adult,1,1,2,10,1,1,10,HIGH
SP-1318,choking,elderly,1,2,2,3,1,1,4,HIGH
SP-1319,injury,adult,0,1,3,3,0,0,5,LOW
SP-1320,burns,adult,0,3,1,5,0,0,7,LOW
SP-1321,choking,adult,0,2,1,15,0,0,3,MODERATE
SP-1322,injury,adult,0,1,1,25,0,0,6,LOW
SP-1323,cardiac,child,0,2,2,21,0,0,2,LOW
SP-1324,burns,child,0,2,2,6,0,0,8,HIGH
SP-1325,choking,adult,1,1,2,61,1,1,5,HIGH
SP-1326,injury,child,0,1,1,26,0,0,5,LOW
SP-1327,cardiac,elderly,0,2,2,16,0,0,6,HIGH
SP-1328,injury,elderly,0,1,2,18,0,0,6,LOW
SP-1329,cardiac,elderly,1,1,2,10,1,1,8,HIGH
SP-1330,injury,child,0,3,1,5,0,0,9,HIGH
SP-1331,burns,adult,1,2,3,8,0,0,2,HIGH
SP-1332,cardiac,child,0,2,1,28,0,0,5,MODERATE
SP-1333,bleeding,adult,1,3,2,1,0,1,10,HIGH
SP-1334,cardiac,adult,0,2,3,2,0,0,9,MODERATE
SP-1335,choking,child,1,3,1,1,1,1,10,HIGH
SP-1336,choking,elderly,0,2,1,1,0,0,1,MODERATE
SP-1337,injury,adult,0,3,1,38,0,0,8,HIGH
SP-1338,injury,child,1,1,2,24,0,0,2,HIGH
SP-1339,burns,adult,0,2,2,12,0,0,4,MODERATE
SP-1340,cardiac,adult,0,2,1,2,0,0,2,LOW
SP-1341,burns,elderly,0,3,1,13,0,0,9,HIGH
SP-1342,cardiac,adult,0,2,3,12,0,0,3,LOW
SP-1343,injury,elderly,0,2,3,3,0,0,7,MODERATE
SP-1344,bleeding,adult,0,3,1,11,0,0,6,HIGH
SP-1345,cardiac,adult,1,3,2,10,1,1,10,HIGH
SP-1346,choking,adult,1,2,3,19,1,1,3,HIGH
SP-1347,injury,adult,0,3,1,20,0,0,6,LOW
SP-1348,burns,adult,0,2,3,1,0,0,3,HIGH
SP-1349,injury,adult,0,3,1,9,0,0,9,LOW
SP-1350,cardiac,adult,1,2,1,19,1,2,8,HIGH
SP-1351,injury,adult,1,2,2,13,0,0,8,HIGH
SP-1352,bleeding,adult,0,1,2,38,0,0,1,MODERATE
SP-1353,cardiac,adult,0,2,3,21,0,0,9,MODERATE
SP-1354,injury,elderly,0,2,3,3,0,0,1,MODERATE
SP-1355,cardiac,child,0,3,1,1,0,0,5,MODERATE
SP-1356,bleeding,adult,1,1,1,20,0,0,4,HIGH
SP-1357,injury,adult,1,1,3,1,0,0,3,HIGH
SP-1358,injury,adult,1,2,3,17,0,0,9,HIGH
SP-1359,injury,adult,0,3,3,56,0,0,2,LOW
SP-1360,bleeding,elderly,1,3,1,17,0,1,3,HIGH
SP-1361,cardiac,adult,1,3,3,9,1,1,8,HIGH
SP-1362,bleeding,adult,0,3,2,20,0,0,6,HIGH
SP-1363,bleeding,adult,1,2,3,12,0,0,6,HIGH
SP-1364,cardiac,elderly,1,2,2,15,1,1,8,HIGH
SP-1365,burns,adult,1,2,2,56,0,0,1,HIGH
SP-1366,bleeding,child,0,1,2,9,0,0,8,HIGH
SP-1367,burns,elderly,0,2,1,64,0,0,5,MODERATE
SP-1368,burns,child,0,3,2,47,0,0,4,MODERATE
SP-1369,burns,adult,0,1,3,4,0,0,4,HIGH
SP-1370,choking,elderly,0,2,3,1,0,0,3,MODERATE
SP-1371,bleeding,child,1,2,2,2,0,1,3,HIGH
SP-1372,burns,child,0,3,1,1,0,0,10,HIGH
SP-1373,burns,elderly,1,3,3,1,0,0,8,HIGH
SP-1374,bleeding,adult,0,2,2,22,0,0,7,MODERATE
SP-1375,bleeding,adult,0,3,3,1,0,0,10,HIGH
SP-1376,choking,adult,1,3,3,7,1,1,4,HIGH
SP-1377,burns,adult,0,1,1,37,0,0,8,HIGH
SP-1378,bleeding,elderly,1,2,1,1,0,0,7,HIGH
SP-1379,burns,elderly,0,1,1,33,0,0,10,HIGH
SP-1380,bleeding,elderly,0,2,3,6,0,0,5,MODERATE
SP-1381,cardiac,child,0,3,3,2,0,0,10,MODERATE
SP-1382,bleeding,adult,0,1,1,23,0,0,9,LOW
SP-1383,bleeding,adult,0,2,3,19,0,0,4,MODERATE
SP-1384,cardiac,adult,0,1,2,41,0,0,3,LOW
SP-1385,bleeding,child,1,2,3,26,0,0,9,HIGH
SP-1386,burns,adult,1,2,3,32,0,0,2,HIGH
SP-1387,choking,adult,0,2,3,6,0,0,10,MODERATE
SP-1388,bleeding,adult,1,3,1,3,0,1,6,HIGH
SP-1389,bleeding,adult,1,3,1,27,0,0,1,HIGH
SP-1390,choking,adult,1,1,1,32,1,1,1,HIGH
SP-1391,cardiac,adult,0,1,2,93,0,0,6,MODERATE
SP-1392,bleeding,adult,1,1,1,10,0,1,4,HIGH
SP-1393,bleeding,elderly,0,2,2,9,0,0,6,MODERATE
SP-1394,choking,adult,1,2,3,29,1,2,10,HIGH
SP-1395,burns,adult,0,3,1,8,0,0,3,LOW
SP-1396,choking,adult,0,3,1,53,0,0,6,MODERATE
SP-1397,choking,child,1,3,1,39,1,2,7,HIGH
SP-1398,choking,child,1,1,3,11,1,2,7,HIGH
SP-1399,bleeding,adult,0,3,1,27,0,0,7,HIGH
SP-1400,burns,adult,0,2,2,28,0,0,7,MODERATE
SP-1401,choking,adult,0,1,1,2,0,0,10,LOW
SP-1402,choking,adult,1,3,2,46,1,2,4,HIGH
SP-1403,bleeding,child,0,3,2,14,0,0,10,HIGH
SP-1404,bleeding,adult,1,2,2,35,0,1,9,HIGH
SP-1405,burns,child,0,2,2,7,0,0,9,HIGH
SP-1406,burns,child,0,1,1,45,0,0,3,LOW
SP-1407,bleeding,adult,1,2,1,9,0,0,1,HIGH
SP-1408,burns,child,1,2,1,1,0,0,1,HIGH
SP-1409,cardiac,elderly,1,2,2,47,1,1,8,HIGH
SP-1410,burns,elderly,1,2,2,1,0,0,8,HIGH
SP-1411,burns,adult,0,2,2,7,0,0,9,HIGH
SP-1412,cardiac,child,0,3,1,59,0,0,9,MODERATE
SP-1413,choking,adult,0,2,2,60,0,0,10,MODERATE
SP-1414,choking,adult,1,1,2,17,1,1,1,HIGH
SP-1415,injury,elderly,0,1,1,19,0,0,4,LOW
SP-1416,bleeding,elderly,1,1,3,11,0,1,7,HIGH
SP-1417,burns,adult,1,2,3,6,0,0,6,HIGH
SP-1418,injury,adult,0,3,1,7,0,0,8,LOW
SP-1419,bleeding,adult,0,1,1,22,0,0,9,LOW
SP-1420,burns,adult,1,1,2,27,0,0,1,HIGH
SP-1421,bleeding,elderly,0,2,1,31,0,0,6,MODERATE
SP-1422,choking,adult,1,1,1,31,1,1,7,HIGH
SP-1423,burns,adult,0,3,3,1,0,0,10,HIGH
SP-1424,burns,adult,1,3,3,13,0,0,5,HIGH
SP-1425,injury,adult,1,3,1,1,0,0,3,HIGH
SP-1426,burns,adult,0,1,2,15,0,0,3,MODERATE
SP-1427,choking,child,0,1,3,11,0,0,6,LOW
SP-1428,bleeding,adult,0,1,3,43,0,0,1,MODERATE
SP-1429,burns,elderly,0,2,2,8,0,0,6,MODERATE
SP-1430,injury,adult,0,3,1,2,0,0,3,LOW
SP-1431,bleeding,adult,0,1,1,3,0,0,6,LOW
SP-1432,injury,elderly,1,1,2,28,0,0,10,HIGH
SP-1433,cardiac,elderly,0,1,3,19,0,0,7,HIGH
SP-1434,burns,elderly,0,2,3,2,0,0,9,HIGH
SP-1435,choking,adult,1,1,1,1,1,1,7,HIGH
SP-1436,choking,child,0,1,2,24,0,0,10,LOW
SP-1437,choking,elderly,1,2,1,1,1,2,5,HIGH
SP-1438,choking,child,0,3,2,34,0,0,3,MODERATE
SP-1439,bleeding,adult,1,2,2,24,0,0,4,HIGH
SP-1440,bleeding,child,1,2,3,1,0,0,7,HIGH
SP-1441,cardiac,elderly,0,2,3,1,0,0,8,HIGH
SP-1442,cardiac,elderly,1,3,1,86,1,2,9,HIGH
SP-1443,cardiac,child,0,1,1,9,0,0,4,MODERATE
SP-1444,cardiac,adult,1,3,1,9,1,2,10,HIGH
SP-1445,bleeding,child,0,3,2,33,0,0,9,HIGH
SP-1446,bleeding,elderly,1,3,3,58,0,0,9,HIGH
SP-1447,injury,adult,0,1,1,85,0,0,10,LOW
SP-1448,choking,elderly,0,2,2,27,0,0,8,MODERATE
SP-1449,cardiac,child,1,3,3,9,1,2,8,HIGH
SP-1450,choking,adult,1,1,3,1,1,1,8,HIGH
SP-1451,choking,adult,1,2,3,30,1,1,2,HIGH
SP-1452,cardiac,elderly,0,2,2,16,0,0,7,HIGH
SP-1453,cardiac,adult,0,3,2,11,0,0,1,LOW
SP-1454,injury,adult,1,3,3,47,0,0,1,HIGH
SP-1455,bleeding,adult,1,2,1,2,0,1,6,HIGH
SP-1456,injury,adult,0,1,3,13,0,0,1,LOW
SP-1457,cardiac,adult,0,2,2,1,0,0,3,MODERATE
SP-1458,cardiac,child,0,3,1,12,0,0,4,MODERATE
SP-1459,cardiac,adult,0,3,1,1,0,0,8,MODERATE
SP-1460,bleeding,adult,0,3,2,2,0,0,5,HIGH
SP-1461,choking,adult,1,2,3,2,1,1,9,HIGH
SP-1462,injury,elderly,0,2,3,20,0,0,10,MODERATE
SP-1463,bleeding,adult,1,2,3,27,0,0,6,HIGH
SP-1464,choking,child,1,3,1,17,1,1,1,HIGH
SP-1465,choking,adult,1,3,1,65,1,1,8,HIGH
SP-1466,cardiac,adult,0,3,3,9,0,0,10,MODERATE
SP-1467,burns,adult,1,3,2,6,0,0,6,HIGH
SP-1468,injury,child,0,1,2,40,0,0,3,LOW
SP-1469,burns,elderly,1,2,3,5,0,0,2,HIGH
SP-1470,cardiac,elderly,1,2,2,66,1,2,8,HIGH
SP-1471,cardiac,child,1,3,3,1,1,2,10,HIGH
SP-1472,injury,child,0,3,2,70,0,0,9,HIGH
SP-1473,burns,elderly,1,2,2,1,0,0,10,HIGH
SP-1474,burns,elderly,0,2,2,44,0,0,3,MODERATE
SP-1475,burns,elderly,0,1,3,15,0,0,3,HIGH
SP-1476,injury,adult,1,2,2,99,0,0,7,HIGH
SP-1477,burns,adult,0,1,2,1,0,0,9,HIGH
SP-1478,burns,adult,0,2,2,16,0,0,3,MODERATE
SP-1479,bleeding,elderly,0,2,2,69,0,0,8,MODERATE
SP-1480,burns,adult,1,2,2,14,0,0,4,HIGH
SP-1481,bleeding,adult,0,3,1,19,0,0,4,HIGH
SP-1482,choking,adult,1,1,2,23,1,1,5,HIGH
SP-1483,bleeding,adult,0,3,1,12,0,0,1,HIGH
SP-1484,injury,adult,0,3,1,19,0,0,4,LOW
SP-1485,bleeding,adult,1,2,3,17,0,1,10,HIGH
SP-1486,injury,adult,0,1,2,46,0,0,2,LOW
SP-1487,choking,elderly,0,1,2,1,0,0,7,LOW
SP-1488,burns,adult,1,2,2,6,0,0,4,HIGH
SP-1489,injury,adult,0,1,1,60,0,0,9,LOW
SP-1490,burns,adult,1,2,2,44,0,0,8,HIGH
SP-1491,choking,adult,1,3,2,12,1,1,7,HIGH
SP-1492,bleeding,child,1,1,3,19,0,1,3,HIGH
SP-1493,choking,elderly,1,1,2,6,1,2,6,HIGH
SP-1494,choking,elderly,1,3,2,4,1,1,7,HIGH
SP-1495,bleeding,elderly,1,1,1,12,0,0,7,HIGH
SP-1496,cardiac,child,0,2,2,8,0,0,10,MODERATE
SP-1497,cardiac,child,0,2,2,17,0,0,1,LOW
SP-1498,bleeding,adult,1,3,3,1,0,1,10,HIGH
SP-1499,choking,adult,0,3,3,73,0,0,10,MODERATE
SP-1500,choking,adult,1,3,2,85,1,2,3,HIGH
SP-1501,bleeding,child,1,1,3,23,0,0,8,HIGH
SP-1502,cardiac,adult,0,2,2,15,0,0,1,LOW
SP-1503,burns,child,0,2,3,7,0,0,8,HIGH
SP-1504,cardiac,adult,0,1,1,33,0,0,7,MODERATE
SP-1505,bleeding,elderly,1,3,3,23,0,0,5,HIGH
SP-1506,cardiac,elderly,1,2,1,3,1,1,8,HIGH
SP-1507,injury,adult,0,3,3,48,0,0,6,MODERATE
SP-1508,burns,child,0,2,3,34,0,0,5,HIGH
SP-1509,burns,adult,0,3,3,59,0,0,7,HIGH
SP-1510,cardiac,adult,0,1,3,25,0,0,6,MODERATE
SP-1511,injury,child,1,2,2,19,0,0,10,HIGH
SP-1512,injury,adult,0,3,2,10,0,0,10,HIGH
SP-1513,burns,adult,0,1,3,53,0,0,3,HIGH
SP-1514,choking,adult,1,2,2,40,1,1,10,HIGH
SP-1515,choking,elderly,0,2,1,1,0,0,3,MODERATE
SP-1516,choking,elderly,0,3,2,1,0,0,9,MODERATE
SP-1517,choking,adult,0,3,1,9,0,0,3,MODERATE
SP-1518,bleeding,elderly,0,3,2,33,0,0,10,HIGH
SP-1519,injury,adult,0,2,1,87,0,0,9,MODERATE
SP-1520,bleeding,child,0,1,2,3,0,0,5,MODERATE
SP-1521,burns,elderly,1,1,2,18,0,0,8,HIGH
SP-1522,burns,adult,0,3,2,9,0,0,4,MODERATE
SP-1523,bleeding,elderly,1,2,2,70,0,0,6,HIGH
SP-1524,burns,adult,0,2,1,36,0,0,6,MODERATE
SP-1525,burns,adult,0,1,3,36,0,0,2,HIGH
SP-1526,cardiac,child,0,2,3,12,0,0,5,MODERATE
SP-1527,choking,child,1,2,3,10,1,1,3,HIGH
SP-1528,injury,elderly,0,2,2,6,0,0,10,HIGH
SP-1529,injury,adult,0,1,3,1,0,0,2,LOW
SP-1530,cardiac,child,1,1,1,40,1,1,8,HIGH
SP-1531,injury,adult,0,3,3,33,0,0,1,LOW
SP-1532,injury,elderly,0,1,1,163,0,0,6,LOW
SP-1533,choking,adult,1,2,1,113,1,1,9,HIGH
SP-1534,cardiac,adult,1,2,3,16,1,2,8,HIGH
SP-1535,burns,elderly,0,3,3,29,0,0,1,HIGH
SP-1536,burns,elderly,0,2,1,57,0,0,4,HIGH
SP-1537,cardiac,adult,0,1,3,37,0,0,3,LOW
SP-1538,bleeding,child,0,1,1,5,0,0,5,LOW
SP-1539,choking,adult,0,2,3,11,0,0,7,MODERATE
SP-1540,injury,child,0,3,3,2,0,0,2,MODERATE
SP-1541,bleeding,adult,1,3,1,61,0,0,5,HIGH
SP-1542,cardiac,adult,0,3,1,18,0,0,8,MODERATE
SP-1543,cardiac,elderly,1,3,2,5,1,2,8,HIGH
SP-1544,bleeding,adult,0,3,1,22,0,0,2,HIGH
SP-1545,injury,elderly,1,2,1,19,0,0,6,HIGH
SP-1546,burns,child,1,1,3,8,0,0,5,HIGH
SP-1547,bleeding,elderly,0,3,2,2,0,0,9,HIGH
SP-1548,burns,adult,0,2,2,22,0,0,6,MODERATE
SP-1549,injury,child,0,1,2,14,0,0,8,LOW
SP-1550,injury,child,1,3,2,29,0,0,6,HIGH
SP-1551,burns,adult,1,3,2,14,0,0,5,HIGH
SP-1552,cardiac,adult,0,2,2,38,0,0,8,MODERATE
SP-1553,bleeding,elderly,0,1,3,16,0,0,4,HIGH
SP-1554,bleeding,elderly,1,3,3,16,0,0,1,HIGH
SP-1555,burns,elderly,1,3,2,41,0,0,9,HIGH
SP-1556,burns,adult,0,1,3,10,0,0,5,HIGH
SP-1557,choking,adult,1,3,1,2,1,1,10,HIGH
SP-1558,burns,child,0,3,3,1,0,0,3,HIGH
SP-1559,burns,elderly,0,1,1,28,0,0,5,LOW
SP-1560,choking,adult,1,2,1,19,1,1,1,HIGH
SP-1561,injury,adult,0,2,3,24,0,0,5,MODERATE
SP-1562,cardiac,adult,1,3,1,4,1,2,9,HIGH
SP-1563,burns,adult,1,2,2,2,0,0,8,HIGH
SP-1564,burns,adult,0,1,1,1,0,0,9,HIGH
SP-1565,choking,adult,0,1,3,8,0,0,4,LOW
SP-1566,cardiac,adult,0,3,1,17,0,0,7,MODERATE
SP-1567,injury,adult,0,1,3,9,0,0,9,LOW
SP-1568,choking,elderly,1,3,2,11,1,2,10,HIGH
SP-1569,choking,elderly,1,1,2,46,1,1,10,HIGH
SP-1570,cardiac,adult,0,3,1,8,0,0,10,MODERATE
SP-1571,choking,elderly,0,3,3,14,0,0,2,MODERATE
SP-1572,burns,adult,1,3,3,30,0,0,7,HIGH
SP-1573,injury,adult,0,3,3,10,0,0,2,MODERATE
SP-1574,injury,elderly,0,3,3,19,0,0,7,LOW
SP-1575,injury,adult,0,2,2,39,0,0,6,MODERATE
SP-1576,injury,child,1,1,2,59,0,0,8,HIGH
SP-1577,injury,elderly,0,2,2,3,0,0,4,MODERATE
SP-1578,injury,child,0,1,2,52,0,0,4,LOW
SP-1579,burns,adult,1,3,2,13,0,0,5,HIGH
SP-1580,choking,elderly,0,2,1,5,0,0,7,MODERATE
SP-1581,injury,adult,0,2,2,12,0,0,10,HIGH
SP-1582,bleeding,adult,0,2,3,78,0,0,3,MODERATE
SP-1583,injury,adult,1,3,3,13,0,0,1,HIGH
SP-1584,bleeding,elderly,0,2,3,7,0,0,7,MODERATE
SP-1585,injury,child,0,2,2,20,0,0,10,HIGH
SP-1586,bleeding,elderly,0,1,3,5,0,0,8,MODERATE
SP-1587,injury,adult,0,1,3,1,0,0,9,LOW
SP-1588,bleeding,adult,0,3,1,2,0,0,3,HIGH
SP-1589,cardiac,adult,0,1,3,2,0,0,1,LOW
SP-1590,injury,elderly,1,2,2,3,0,0,5,HIGH
SP-1591,cardiac,adult,0,2,1,2,0,0,7,MODERATE
SP-1592,choking,elderly,1,3,2,20,1,1,9,HIGH
SP-1593,cardiac,adult,0,1,2,4,0,0,8,MODERATE
SP-1594,choking,child,1,3,1,8,1,1,4,HIGH
SP-1595,injury,child,0,2,1,45,0,0,5,MODERATE
SP-1596,bleeding,adult,0,1,2,12,0,0,6,HIGH
SP-1597,burns,adult,1,1,1,22,0,0,4,HIGH
SP-1598,burns,elderly,0,2,1,3,0,0,2,HIGH
SP-1599,cardiac,adult,1,3,1,4,1,1,8,HIGH
SP-1600,injury,elderly,0,2,1,1,0,0,9,MODERATE
SP-1601,bleeding,adult,1,2,2,3,0,1,9,HIGH
SP-1602,burns,adult,0,1,3,6,0,0,9,HIGH
SP-1603,burns,adult,0,1,2,3,0,0,6,MODERATE
SP-1604,burns,adult,0,3,2,1,0,0,6,MODERATE
SP-1605,choking,adult,0,2,2,2,0,0,8,MODERATE
SP-1606,burns,elderly,1,3,2,12,0,0,4,HIGH
SP-1607,burns,adult,1,1,1,4,0,0,7,HIGH
SP-1608,injury,adult,1,2,2,9,0,0,5,HIGH
SP-1609,bleeding,adult,0,1,1,14,0,0,5,LOW
SP-1610,choking,adult,1,2,3,23,1,1,9,HIGH
SP-1611,bleeding,adult,0,3,3,1,0,0,4,HIGH
SP-1612,choking,adult,1,3,3,32,1,1,8,HIGH
SP-1613,injury,adult,1,3,1,19,0,0,3,HIGH
SP-1614,injury,adult,0,1,1,1,0,0,3,LOW
SP-1615,choking,adult,1,2,2,41,1,1,8,HIGH
SP-1616,injury,elderly,1,2,1,50,0,0,3,HIGH
SP-1617,choking,elderly,0,3,3,1,0,0,2,MODERATE
SP-1618,cardiac,adult,0,1,2,6,0,0,9,MODERATE
SP-1619,burns,child,0,2,2,32,0,0,4,MODERATE
SP-1620,burns,adult,1,1,1,27,0,0,1,HIGH
SP-1621,cardiac,adult,1,3,2,4,1,2,9,HIGH
SP-1622,injury,child,0,3,2,4,0,0,10,LOW
SP-1623,choking,adult,0,1,1,9,0,0,8,LOW
SP-1624,bleeding,child,1,1,2,13,0,1,5,HIGH
SP-1625,cardiac,adult,0,2,2,19,0,0,10,MODERATE
SP-1626,burns,adult,0,3,2,9,0,0,7,MODERATE
SP-1627,cardiac,adult,1,1,2,12,1,1,8,HIGH
SP-1628,injury,elderly,0,2,1,27,0,0,2,MODERATE
SP-1629,injury,adult,0,3,3,1,0,0,8,LOW
SP-1630,injury,child,0,1,2,5,0,0,5,LOW
SP-1631,bleeding,child,0,2,1,24,0,0,6,HIGH
SP-1632,choking,adult,1,1,2,45,1,1,2,HIGH
SP-1633,cardiac,child,1,2,1,14,1,2,8,HIGH
SP-1634,bleeding,elderly,1,3,1,15,0,0,7,HIGH
SP-1635,bleeding,child,0,3,1,2,0,0,9,HIGH
SP-1636,choking,elderly,1,1,3,11,1,1,1,HIGH
SP-1637,cardiac,adult,0,1,2,15,0,0,1,LOW
SP-1638,cardiac,adult,0,1,2,5,0,0,10,MODERATE
SP-1639,bleeding,elderly,0,3,3,6,0,0,8,HIGH
SP-1640,burns,child,1,1,3,9,0,0,10,HIGH
SP-1641,bleeding,child,1,3,1,1,0,0,9,HIGH
SP-1642,injury,elderly,0,2,2,7,0,0,4,MODERATE
SP-1643,choking,elderly,0,2,3,4,0,0,8,MODERATE
SP-1644,injury,child,1,2,2,7,0,0,8,HIGH
SP-1645,injury,child,0,3,1,2,0,0,8,LOW
SP-1646,bleeding,elderly,1,3,2,44,0,0,3,HIGH
SP-1647,injury,adult,0,3,1,18,0,0,9,HIGH
SP-1648,injury,child,0,2,2,22,0,0,7,MODERATE
SP-1649,bleeding,child,0,1,1,31,0,0,1,LOW
SP-1650,injury,adult,0,2,3,13,0,0,8,MODERATE
SP-1651,choking,adult,1,3,1,1,1,1,1,HIGH
SP-1652,bleeding,adult,0,3,1,15,0,0,6,HIGH
SP-1653,choking,elderly,0,1,3,17,0,0,5,LOW
SP-1654,bleeding,elderly,0,3,1,27,0,0,2,HIGH
SP-1655,injury,adult,0,3,3,11,0,0,3,MODERATE
SP-1656,injury,adult,1,2,3,2,0,0,7,HIGH
SP-1657,cardiac,adult,1,3,1,6,1,2,9,HIGH
SP-1658,injury,elderly,0,2,2,9,0,0,7,MODERATE
SP-1659,injury,adult,1,3,1,20,0,0,7,HIGH
SP-1660,cardiac,adult,0,2,1,16,0,0,1,MODERATE
SP-1661,choking,child,1,1,1,8,1,1,6,HIGH
SP-1662,choking,elderly,1,3,3,86,1,1,10,HIGH
SP-1663,choking,child,0,2,2,18,0,0,10,MODERATE
SP-1664,injury,adult,0,1,3,5,0,0,2,LOW
SP-1665,injury,elderly,1,1,3,2,0,0,5,HIGH
SP-1666,bleeding,elderly,1,2,2,3,0,1,7,HIGH
SP-1667,burns,adult,0,3,1,5,0,0,7,LOW
SP-1668,injury,child,0,3,3,3,0,0,4,MODERATE
SP-1669,cardiac,elderly,0,3,3,4,0,0,2,LOW
SP-1670,cardiac,child,0,2,1,6,0,0,8,MODERATE
SP-1671,cardiac,adult,0,3,1,3,0,0,3,MODERATE
SP-1672,injury,child,0,3,3,45,0,0,9,HIGH
SP-1673,choking,adult,0,3,1,1,0,0,2,MODERATE
SP-1674,choking,adult,0,3,1,14,0,0,5,MODERATE
SP-1675,cardiac,adult,0,2,1,10,0,0,4,MODERATE
SP-1676,bleeding,child,1,1,1,80,0,1,10,HIGH
SP-1677,bleeding,adult,0,1,2,2,0,0,8,MODERATE
SP-1678,burns,adult,0,3,2,10,0,0,9,HIGH
SP-1679,bleeding,adult,0,3,3,69,0,0,1,HIGH
SP-1680,injury,adult,0,2,3,40,0,0,1,MODERATE
SP-1681,choking,elderly,1,1,2,33,1,2,7,HIGH
SP-1682,bleeding,elderly,1,2,3,5,0,1,9,HIGH
SP-1683,injury,elderly,1,1,1,3,0,0,4,HIGH
SP-1684,burns,child,1,3,2,22,0,0,6,HIGH
SP-1685,injury,adult,1,1,3,53,0,0,5,HIGH
SP-1686,bleeding,elderly,0,2,1,16,0,0,3,MODERATE
SP-1687,cardiac,adult,0,3,3,16,0,0,4,MODERATE
SP-1688,cardiac,elderly,0,3,2,6,0,0,8,HIGH
SP-1689,injury,adult,1,1,1,29,0,0,5,HIGH
SP-1690,cardiac,elderly,0,1,3,4,0,0,10,HIGH
SP-1691,injury,elderly,0,1,1,7,0,0,6,LOW
SP-1692,choking,elderly,1,2,2,11,1,2,5,HIGH
SP-1693,choking,child,1,1,1,14,1,1,3,HIGH
SP-1694,choking,adult,0,3,1,5,0,0,10,MODERATE
SP-1695,cardiac,child,0,3,2,2,0,0,6,MODERATE
SP-1696,burns,child,0,1,1,18,0,0,7,LOW
SP-1697,cardiac,adult,1,3,1,6,1,2,8,HIGH
SP-1698,cardiac,elderly,0,2,3,17,0,0,6,HIGH
SP-1699,bleeding,adult,0,2,3,3,0,0,6,HIGH
SP-1700,injury,adult,0,3,1,13,0,0,9,HIGH
SP-1701,burns,adult,0,2,3,15,0,0,1,HIGH
SP-1702,bleeding,child,1,2,2,1,0,0,5,HIGH
SP-1703,choking,adult,1,1,3,8,1,1,9,HIGH
SP-1704,bleeding,adult,1,1,1,2,0,0,10,HIGH
SP-1705,cardiac,adult,0,1,1,1,0,0,8,MODERATE
SP-1706,choking,adult,0,3,1,92,0,0,2,MODERATE
SP-1707,bleeding,adult,0,2,3,7,0,0,9,MODERATE
SP-1708,bleeding,elderly,0,2,3,33,0,0,3,MODERATE
SP-1709,bleeding,adult,1,2,3,5,0,1,8,HIGH
SP-1710,burns,child,0,2,1,22,0,0,8,HIGH
SP-1711,injury,elderly,0,1,1,28,0,0,10,LOW
SP-1712,injury,adult,0,1,3,18,0,0,5,LOW
SP-1713,bleeding,child,0,1,3,12,0,0,6,HIGH
SP-1714,injury,adult,0,1,1,10,0,0,2,LOW
SP-1715,injury,adult,0,3,3,8,0,0,10,LOW
SP-1716,injury,adult,1,1,1,53,0,0,5,HIGH
SP-1717,cardiac,elderly,0,1,2,35,0,0,8,HIGH
SP-1718,choking,adult,0,2,3,67,0,0,4,MODERATE
SP-1719,injury,elderly,1,2,3,2,0,0,10,HIGH
SP-1720,injury,elderly,1,2,3,26,0,0,10,HIGH
SP-1721,injury,adult,0,3,3,55,0,0,8,HIGH
SP-1722,choking,elderly,1,1,1,3,1,1,1,HIGH
SP-1723,burns,elderly,0,2,2,1,0,0,1,MODERATE
SP-1724,bleeding,adult,1,3,2,27,0,0,5,HIGH
SP-1725,choking,elderly,0,1,3,17,0,0,6,LOW
SP-1726,bleeding,elderly,1,1,2,36,0,0,6,HIGH
SP-1727,bleeding,adult,1,2,1,3,0,0,8,HIGH
SP-1728,cardiac,elderly,0,1,3,31,0,0,5,HIGH
SP-1729,choking,elderly,1,2,1,4,1,2,3,HIGH
SP-1730,injury,elderly,0,3,3,3,0,0,7,MODERATE
SP-1731,choking,adult,1,2,3,3,1,2,1,HIGH
SP-1732,choking,adult,0,2,1,33,0,0,9,MODERATE
SP-1733,burns,elderly,1,2,3,21,0,0,1,HIGH
SP-1734,choking,elderly,1,3,3,14,1,2,5,HIGH
SP-1735,injury,adult,0,1,1,8,0,0,1,LOW
SP-1736,bleeding,adult,1,1,3,41,0,1,10,HIGH
SP-1737,bleeding,adult,0,3,3,9,0,0,5,HIGH
SP-1738,burns,adult,0,1,2,33,0,0,5,MODERATE
SP-1739,choking,child,1,2,1,11,1,1,1,HIGH
SP-1740,injury,adult,1,2,2,9,0,0,3,HIGH
SP-1741,burns,child,0,3,2,12,0,0,9,HIGH
SP-1742,bleeding,child,1,1,1,7,0,1,7,HIGH
SP-1743,cardiac,adult,0,2,2,27,0,0,4,MODERATE
SP-1744,bleeding,elderly,0,3,2,13,0,0,2,HIGH
SP-1745,cardiac,adult,1,1,1,5,1,1,10,HIGH
SP-1746,choking,elderly,0,2,2,45,0,0,8,MODERATE
SP-1747,cardiac,elderly,0,2,2,9,0,0,10,HIGH
SP-1748,bleeding,adult,0,3,1,15,0,0,5,HIGH
SP-1749,injury,adult,0,1,2,47,0,0,7,LOW
SP-1750,cardiac,elderly,0,2,3,19,0,0,6,MODERATE
SP-1751,bleeding,adult,0,3,3,2,0,0,8,HIGH
SP-1752,bleeding,elderly,1,1,2,56,0,1,7,HIGH
SP-1753,cardiac,adult,1,3,3,19,1,2,8,HIGH
SP-1754,injury,elderly,0,3,1,8,0,0,3,LOW
SP-1755,injury,adult,0,1,1,2,0,0,6,LOW
SP-1756,cardiac,adult,1,2,1,31,1,2,10,HIGH
SP-1757,choking,child,1,3,1,19,1,1,1,HIGH
SP-1758,choking,elderly,0,1,2,15,0,0,10,LOW
SP-1759,cardiac,adult,0,1,3,44,0,0,3,MODERATE
SP-1760,cardiac,elderly,0,2,2,31,0,0,3,HIGH
SP-1761,bleeding,adult,0,1,3,3,0,0,8,HIGH
SP-1762,burns,adult,1,2,2,7,0,0,10,HIGH
SP-1763,cardiac,adult,0,2,2,5,0,0,6,MODERATE
SP-1764,bleeding,adult,0,3,1,27,0,0,9,HIGH
SP-1765,bleeding,elderly,0,3,2,1,0,0,6,HIGH
SP-1766,burns,adult,0,3,2,16,0,0,8,HIGH
SP-1767,burns,adult,0,3,3,28,0,0,2,HIGH
SP-1768,injury,child,0,2,3,41,0,0,1,MODERATE
SP-1769,choking,adult,1,2,2,8,1,1,3,HIGH
SP-1770,injury,adult,0,3,2,34,0,0,10,HIGH
SP-1771,injury,child,1,2,1,2,0,0,3,HIGH
SP-1772,burns,adult,1,2,2,37,0,0,1,HIGH
SP-1773,burns,adult,0,2,1,2,0,0,5,MODERATE
SP-1774,injury,elderly,1,2,1,10,0,0,3,HIGH
SP-1775,cardiac,elderly,0,1,3,31,0,0,8,HIGH
SP-1776,choking,child,0,2,1,3,0,0,1,MODERATE
SP-1777,injury,adult,0,3,3,5,0,0,7,MODERATE
SP-1778,bleeding,adult,1,2,2,25,0,0,6,HIGH
SP-1779,injury,adult,0,2,3,25,0,0,5,MODERATE
SP-1780,injury,adult,0,3,3,20,0,0,4,LOW
SP-1781,choking,adult,0,1,2,23,0,0,9,LOW
SP-1782,cardiac,child,0,1,3,15,0,0,8,MODERATE
SP-1783,choking,child,1,1,3,5,1,2,2,HIGH
SP-1784,burns,elderly,0,3,1,8,0,0,2,LOW
SP-1785,injury,elderly,0,1,1,4,0,0,3,LOW
SP-1786,cardiac,elderly,0,2,2,47,0,0,6,HIGH
SP-1787,choking,elderly,1,2,2,17,1,1,6,HIGH
SP-1788,burns,adult,0,2,1,10,0,0,10,HIGH
SP-1789,injury,elderly,1,1,3,12,0,0,2,HIGH
SP-1790,bleeding,child,0,3,2,58,0,0,8,HIGH
SP-1791,bleeding,elderly,0,3,2,3,0,0,5,HIGH
SP-1792,bleeding,adult,1,2,2,17,0,1,7,HIGH
SP-1793,bleeding,adult,1,1,2,14,0,1,8,HIGH
SP-1794,choking,adult,1,2,1,18,1,1,2,HIGH
SP-1795,cardiac,elderly,1,2,3,1,1,2,8,HIGH
SP-1796,burns,adult,1,2,1,41,0,0,6,HIGH
SP-1797,burns,child,0,1,1,53,0,0,10,HIGH
SP-1798,choking,adult,0,2,1,16,0,0,1,MODERATE
SP-1799,cardiac,child,0,3,3,23,0,0,9,MODERATE
SP-1800,burns,elderly,1,1,3,51,0,0,3,HIGH
SP-1801,injury,child,0,3,3,24,0,0,3,MODERATE
SP-1802,bleeding,adult,1,1,3,3,0,0,2,HIGH
SP-1803,injury,adult,1,1,2,17,0,0,6,HIGH
SP-1804,choking,child,1,3,3,18,1,1,9,HIGH
SP-1805,bleeding,adult,0,2,1,11,0,0,2,HIGH
SP-1806,choking,adult,0,2,1,26,0,0,10,MODERATE
SP-1807,injury,adult,0,1,1,54,0,0,8,LOW
SP-1808,injury,elderly,0,2,3,51,0,0,8,HIGH
SP-1809,injury,adult,0,1,1,11,0,0,10,LOW
SP-1810,injury,elderly,0,3,2,2,0,0,6,LOW
SP-1811,injury,elderly,0,3,2,83,0,0,9,HIGH
SP-1812,burns,adult,1,1,1,36,0,0,3,HIGH
SP-1813,burns,child,0,1,1,2,0,0,6,LOW
SP-1814,cardiac,child,0,3,1,50,0,0,9,MODERATE
SP-1815,cardiac,adult,1,1,1,40,1,1,8,HIGH
SP-1816,choking,adult,1,1,2,14,1,2,4,HIGH
SP-1817,cardiac,elderly,1,1,2,17,1,2,10,HIGH
SP-1818,burns,adult,0,3,2,10,0,0,3,MODERATE
SP-1819,choking,elderly,0,1,2,1,0,0,3,LOW
SP-1820,bleeding,elderly,1,2,2,8,0,0,3,HIGH
SP-1821,burns,elderly,0,3,3,32,0,0,3,HIGH
SP-1822,cardiac,elderly,1,2,1,1,1,1,10,HIGH
SP-1823,cardiac,adult,1,1,1,8,1,2,8,HIGH
SP-1824,injury,elderly,1,3,1,10,0,0,7,HIGH
SP-1825,injury,child,0,3,2,15,0,0,8,LOW
SP-1826,cardiac,adult,0,3,1,50,0,0,7,MODERATE
SP-1827,burns,adult,0,1,1,8,0,0,8,HIGH
SP-1828,injury,adult,1,1,2,8,0,0,8,HIGH
SP-1829,choking,adult,1,3,3,26,1,2,1,HIGH
SP-1830,choking,adult,0,2,2,12,0,0,5,MODERATE
SP-1831,burns,elderly,1,1,3,5,0,0,6,HIGH
SP-1832,choking,elderly,0,1,2,12,0,0,6,LOW
SP-1833,injury,adult,0,3,3,3,0,0,4,LOW
SP-1834,cardiac,adult,0,3,3,3,0,0,4,MODERATE
SP-1835,choking,adult,0,2,2,13,0,0,1,MODERATE
SP-1836,injury,elderly,0,2,3,10,0,0,9,MODERATE
SP-1837,injury,adult,1,3,3,49,0,0,2,HIGH
SP-1838,cardiac,elderly,0,2,1,9,0,0,2,LOW
SP-1839,burns,adult,1,1,3,17,0,0,1,HIGH
SP-1840,burns,adult,1,2,2,20,0,0,1,HIGH
SP-1841,burns,elderly,0,3,3,1,0,0,6,HIGH
SP-1842,choking,adult,1,3,3,21,1,1,9,HIGH
SP-1843,burns,elderly,0,2,1,3,0,0,5,MODERATE
SP-1844,bleeding,child,0,2,2,64,0,0,3,MODERATE
SP-1845,burns,elderly,1,3,3,3,0,0,3,HIGH
SP-1846,injury,child,0,2,2,10,0,0,3,MODERATE
SP-1847,choking,child,0,2,3,1,0,0,3,MODERATE
SP-1848,cardiac,elderly,0,2,2,115,0,0,3,LOW
SP-1849,choking,adult,1,2,3,13,1,2,3,HIGH
SP-1850,choking,adult,0,3,2,18,0,0,1,MODERATE
SP-1851,cardiac,adult,0,1,2,1,0,0,6,MODERATE
SP-1852,burns,adult,0,1,2,27,0,0,4,MODERATE
SP-1853,bleeding,elderly,1,2,1,4,0,1,8,HIGH
SP-1854,choking,adult,0,3,2,45,0,0,6,MODERATE
SP-1855,choking,elderly,1,3,1,4,1,2,4,HIGH
SP-1856,cardiac,adult,0,3,2,4,0,0,7,MODERATE
SP-1857,choking,adult,1,3,2,1,1,1,2,HIGH
SP-1858,bleeding,adult,0,2,2,12,0,0,3,HIGH
SP-1859,burns,child,0,2,2,16,0,0,9,HIGH
SP-1860,injury,adult,0,3,3,1,0,0,8,LOW
SP-1861,choking,elderly,1,3,2,29,1,1,2,HIGH
SP-1862,cardiac,elderly,0,3,1,12,0,0,1,LOW
SP-1863,bleeding,adult,0,2,3,14,0,0,8,HIGH
SP-1864,cardiac,elderly,0,1,2,11,0,0,9,HIGH
SP-1865,bleeding,child,0,2,3,10,0,0,3,MODERATE
SP-1866,choking,child,1,2,3,16,1,1,2,HIGH
SP-1867,bleeding,adult,1,1,3,3,0,0,6,HIGH
SP-1868,choking,adult,0,3,3,4,0,0,6,MODERATE
SP-1869,bleeding,child,0,2,2,39,0,0,8,HIGH
SP-1870,burns,child,0,1,1,58,0,0,9,HIGH
SP-1871,injury,adult,0,3,1,9,0,0,7,MODERATE
SP-1872,bleeding,adult,1,2,3,6,0,1,6,HIGH
SP-1873,injury,elderly,1,2,1,20,0,0,5,HIGH
SP-1874,burns,adult,0,2,1,10,0,0,4,MODERATE
SP-1875,bleeding,child,0,2,2,1,0,0,1,MODERATE
SP-1876,injury,child,0,1,2,3,0,0,1,LOW
SP-1877,bleeding,elderly,0,1,3,25,0,0,4,MODERATE
SP-1878,choking,elderly,1,2,2,21,1,1,3,HIGH
SP-1879,injury,adult,0,1,3,1,0,0,1,LOW
SP-1880,burns,elderly,1,3,1,5,0,0,2,HIGH
SP-1881,cardiac,adult,1,3,1,5,1,2,8,HIGH
SP-1882,cardiac,adult,0,3,1,22,0,0,7,MODERATE
SP-1883,bleeding,adult,0,2,2,1,0,0,5,MODERATE
SP-1884,bleeding,adult,0,2,3,2,0,0,5,HIGH
SP-1885,cardiac,adult,1,2,1,32,1,1,8,HIGH
SP-1886,cardiac,adult,0,2,2,3,0,0,9,MODERATE
SP-1887,cardiac,adult,1,1,3,21,1,2,8,HIGH
SP-1888,choking,adult,1,2,1,5,1,1,4,HIGH
SP-1889,injury,adult,0,3,2,2,0,0,6,LOW
SP-1890,cardiac,adult,0,1,2,5,0,0,2,LOW
SP-1891,burns,adult,0,1,1,25,0,0,2,LOW
SP-1892,bleeding,elderly,0,2,3,38,0,0,6,MODERATE
SP-1893,bleeding,adult,0,3,2,35,0,0,8,HIGH
SP-1894,choking,adult,1,3,3,10,1,1,1,HIGH
SP-1895,bleeding,adult,0,2,2,22,0,0,8,MODERATE
SP-1896,choking,elderly,0,1,2,4,0,0,7,LOW
SP-1897,bleeding,adult,0,2,3,6,0,0,9,MODERATE
SP-1898,burns,adult,0,2,2,45,0,0,8,HIGH
SP-1899,choking,adult,0,1,3,1,0,0,1,LOW
SP-1900,injury,child,0,3,2,1,0,0,7,LOW
SP-1901,choking,child,1,1,1,4,1,2,4,HIGH
SP-1902,bleeding,elderly,0,1,2,1,0,0,3,MODERATE
SP-1903,cardiac,adult,1,2,2,4,1,2,8,HIGH
SP-1904,cardiac,adult,0,2,3,17,0,0,2,MODERATE
SP-1905,burns,adult,1,3,3,10,0,0,6,HIGH
SP-1906,burns,adult,1,1,3,44,0,0,4,HIGH
SP-1907,cardiac,elderly,0,3,3,34,0,0,2,LOW
SP-1908,injury,elderly,0,2,2,8,0,0,4,MODERATE
SP-1909,injury,elderly,0,2,3,6,0,0,9,MODERATE
SP-1910,injury,adult,0,3,1,9,0,0,1,LOW
SP-1911,cardiac,adult,0,3,2,17,0,0,5,MODERATE
SP-1912,choking,adult,1,1,1,6,1,2,5,HIGH
SP-1913,bleeding,adult,0,2,2,19,0,0,5,MODERATE
SP-1914,cardiac,adult,0,1,1,10,0,0,1,LOW
SP-1915,injury,elderly,0,2,3,16,0,0,1,MODERATE
SP-1916,choking,adult,1,1,3,11,1,1,1,HIGH
SP-1917,bleeding,adult,1,2,1,6,0,1,7,HIGH
SP-1918,cardiac,elderly,0,3,1,59,0,0,4,MODERATE
SP-1919,injury,elderly,1,3,2,28,0,0,8,HIGH
SP-1920,choking,adult,1,3,3,3,1,2,7,HIGH
SP-1921,burns,child,0,1,1,40,0,0,5,LOW
SP-1922,cardiac,adult,1,3,1,13,1,1,8,HIGH
SP-1923,choking,elderly,1,1,2,44,1,1,8,HIGH
SP-1924,injury,child,0,3,3,32,0,0,1,LOW
SP-1925,injury,adult,1,3,3,11,0,0,6,HIGH
SP-1926,burns,elderly,1,2,1,1,0,0,7,HIGH
SP-1927,burns,adult,1,1,2,6,0,0,6,HIGH
SP-1928,bleeding,adult,0,1,2,15,0,0,8,HIGH
SP-1929,cardiac,elderly,0,1,1,20,0,0,5,MODERATE
SP-1930,injury,adult,0,2,3,5,0,0,1,MODERATE
SP-1931,cardiac,elderly,0,1,1,3,0,0,7,HIGH
SP-1932,bleeding,child,1,1,3,36,0,0,3,HIGH
SP-1933,choking,adult,0,3,1,83,0,0,5,MODERATE
SP-1934,choking,child,0,2,2,14,0,0,3,MODERATE
SP-1935,injury,adult,1,1,3,3,0,0,10,HIGH
SP-1936,burns,adult,0,1,1,6,0,0,7,LOW
SP-1937,choking,child,1,3,1,1,1,2,1,HIGH
SP-1938,cardiac,elderly,1,2,1,49,1,2,8,HIGH
SP-1939,choking,adult,0,2,2,2,0,0,3,MODERATE
SP-1940,choking,adult,0,1,2,17,0,0,3,LOW
SP-1941,choking,adult,0,2,1,6,0,0,6,MODERATE
SP-1942,cardiac,child,0,2,3,16,0,0,7,MODERATE
SP-1943,injury,adult,1,1,3,21,0,0,1,HIGH
SP-1944,choking,elderly,0,3,3,35,0,0,1,MODERATE
SP-1945,cardiac,adult,0,1,3,4,0,0,1,LOW
SP-1946,cardiac,elderly,1,2,1,1,1,1,8,HIGH
SP-1947,bleeding,adult,0,1,2,2,0,0,5,HIGH
SP-1948,choking,adult,0,2,3,46,0,0,6,MODERATE
SP-1949,cardiac,elderly,0,1,3,41,0,0,8,HIGH
SP-1950,burns,child,1,2,2,18,0,0,3,HIGH
SP-1951,cardiac,child,1,2,3,18,1,1,9,HIGH
SP-1952,burns,child,0,1,1,21,0,0,5,LOW
SP-1953,choking,adult,1,3,3,3,1,1,4,HIGH
SP-1954,injury,child,1,1,1,49,0,0,8,HIGH
SP-1955,bleeding,adult,1,3,1,10,0,1,6,HIGH
SP-1956,cardiac,adult,0,2,3,9,0,0,1,MODERATE
SP-1957,cardiac,adult,1,3,3,14,1,2,10,HIGH
SP-1958,choking,adult,0,1,3,1,0,0,2,LOW
SP-1959,choking,child,1,2,1,3,1,1,1,HIGH
SP-1960,choking,adult,1,3,1,26,1,1,2,HIGH
SP-1961,choking,elderly,1,3,1,1,1,1,6,HIGH
SP-1962,cardiac,adult,0,2,2,18,0,0,5,MODERATE
SP-1963,choking,adult,1,2,3,5,1,2,7,HIGH
SP-1964,burns,adult,0,3,1,9,0,0,8,HIGH
SP-1965,cardiac,adult,1,2,2,6,1,2,8,HIGH
SP-1966,injury,adult,0,3,1,8,0,0,9,LOW
SP-1967,cardiac,adult,1,2,3,25,1,1,10,HIGH
SP-1968,bleeding,elderly,0,1,1,7,0,0,8,LOW
SP-1969,bleeding,adult,0,3,2,16,0,0,6,HIGH
SP-1970,injury,elderly,0,2,1,12,0,0,4,MODERATE
SP-1971,bleeding,adult,0,1,1,21,0,0,7,LOW
SP-1972,cardiac,elderly,1,3,3,55,1,1,8,HIGH
SP-1973,cardiac,elderly,0,1,1,26,0,0,3,LOW
SP-1974,bleeding,adult,0,1,1,4,0,0,4,LOW
SP-1975,injury,child,0,2,2,1,0,0,3,MODERATE
SP-1976,burns,adult,0,2,2,6,0,0,8,HIGH
SP-1977,choking,adult,0,2,1,18,0,0,6,MODERATE
SP-1978,cardiac,elderly,0,3,3,1,0,0,10,HIGH
SP-1979,cardiac,adult,0,3,3,13,0,0,8,MODERATE
SP-1980,cardiac,adult,1,3,1,18,1,1,8,HIGH
SP-1981,injury,elderly,0,2,2,8,0,0,7,MODERATE
SP-1982,choking,adult,1,3,1,29,1,1,10,HIGH
SP-1983,cardiac,child,1,2,3,2,1,1,8,HIGH
SP-1984,burns,adult,0,2,3,1,0,0,2,HIGH
SP-1985,injury,adult,0,2,2,26,0,0,5,MODERATE
SP-1986,choking,elderly,1,2,3,13,1,1,3,HIGH
SP-1987,bleeding,adult,0,1,3,23,0,0,4,MODERATE
SP-1988,choking,elderly,1,1,3,11,1,2,5,HIGH
SP-1989,injury,adult,1,3,1,5,0,0,8,HIGH
SP-1990,bleeding,elderly,0,3,1,34,0,0,9,HIGH
SP-1991,burns,elderly,0,1,3,32,0,0,5,HIGH
SP-1992,bleeding,child,1,2,2,23,0,1,3,HIGH
SP-1993,bleeding,adult,0,2,2,6,0,0,5,MODERATE
SP-1994,cardiac,adult,0,3,1,17,0,0,3,MODERATE
SP-1995,cardiac,adult,0,2,2,8,0,0,9,MODERATE
SP-1996,bleeding,adult,0,3,1,1,0,0,2,HIGH
SP-1997,cardiac,child,0,1,3,49,0,0,3,LOW
SP-1998,injury,elderly,1,3,3,2,0,0,6,HIGH
SP-1999,injury,adult,0,1,3,60,0,0,7,LOW
SP-2000,injury,adult,1,3,2,11,0,0,7,HIGH
SP-2001,injury,adult,0,3,3,4,0,0,3,LOW
SP-2002,injury,adult,1,3,2,15,0,0,3,HIGH
SP-2003,choking,adult,1,2,3,41,1,1,7,HIGH
SP-2004,choking,adult,0,3,2,26,0,0,2,MODERATE
SP-2005,choking,adult,1,1,2,32,1,2,6,HIGH
SP-2006,injury,adult,0,3,3,21,0,0,9,LOW
SP-2007,injury,adult,0,3,2,23,0,0,9,LOW
SP-2008,burns,elderly,0,2,2,37,0,0,2,MODERATE
SP-2009,bleeding,child,0,1,2,5,0,0,4,MODERATE
SP-2010,injury,adult,0,2,2,13,0,0,10,MODERATE
SP-2011,cardiac,adult,0,2,1,5,0,0,3,LOW
SP-2012,burns,elderly,0,3,3,87,0,0,2,HIGH
SP-2013,burns,elderly,1,2,1,57,0,0,10,HIGH
SP-2014,choking,child,0,1,1,1,0,0,6,LOW
SP-2015,bleeding,elderly,1,1,3,24,0,1,7,HIGH
SP-2016,burns,child,1,3,2,51,0,0,1,HIGH
SP-2017,cardiac,adult,1,2,3,3,1,1,8,HIGH
SP-2018,injury,child,0,1,3,16,0,0,8,LOW
SP-2019,choking,child,0,3,3,49,0,0,10,MODERATE
SP-2020,injury,child,1,3,2,1,0,0,5,HIGH
SP-2021,injury,adult,0,3,2,23,0,0,9,LOW
SP-2022,injury,adult,0,1,3,7,0,0,9,LOW
SP-2023,bleeding,adult,1,3,1,51,0,1,1,HIGH
SP-2024,injury,adult,0,3,3,70,0,0,6,MODERATE
SP-2025,bleeding,adult,1,1,2,57,0,0,1,HIGH
SP-2026,bleeding,elderly,0,3,1,12,0,0,5,HIGH
SP-2027,choking,elderly,0,3,1,39,0,0,1,MODERATE
SP-2028,bleeding,adult,0,1,2,37,0,0,3,MODERATE
SP-2029,bleeding,child,0,1,3,7,0,0,10,MODERATE
SP-2030,bleeding,adult,0,2,2,35,0,0,9,MODERATE
SP-2031,burns,elderly,1,1,2,1,0,0,9,HIGH
SP-2032,injury,adult,0,1,2,18,0,0,10,LOW
SP-2033,burns,elderly,1,1,2,5,0,0,9,HIGH
SP-2034,cardiac,elderly,1,3,2,2,1,2,8,HIGH
SP-2035,injury,adult,1,1,1,1,0,0,1,HIGH
SP-2036,cardiac,elderly,0,3,1,23,0,0,10,HIGH
SP-2037,injury,adult,1,2,1,8,0,0,7,HIGH
SP-2038,choking,elderly,1,1,3,25,1,1,9,HIGH
SP-2039,choking,adult,1,3,2,1,1,1,5,HIGH
SP-2040,cardiac,elderly,0,2,1,7,0,0,3,LOW
SP-2041,bleeding,adult,1,2,3,15,0,0,8,HIGH
SP-2042,bleeding,adult,1,3,2,31,0,1,2,HIGH
SP-2043,choking,adult,1,3,1,7,1,1,2,HIGH
SP-2044,burns,adult,0,2,3,19,0,0,6,HIGH
SP-2045,burns,adult,1,2,2,43,0,0,1,HIGH
SP-2046,burns,child,1,3,2,19,0,0,2,HIGH
SP-2047,injury,child,0,3,3,5,0,0,10,LOW
SP-2048,bleeding,child,1,3,1,1,0,1,9,HIGH
SP-2049,bleeding,elderly,1,3,3,40,0,1,9,HIGH
SP-2050,bleeding,elderly,1,3,3,1,0,1,1,HIGH
SP-2051,cardiac,adult,1,3,3,41,1,1,8,HIGH
SP-2052,bleeding,elderly,1,1,1,15,0,0,5,HIGH
SP-2053,cardiac,child,1,1,3,55,1,2,8,HIGH
SP-2054,burns,child,0,2,2,32,0,0,2,MODERATE
SP-2055,bleeding,adult,1,3,2,123,0,1,5,HIGH
SP-2056,bleeding,elderly,1,3,1,8,0,0,2,HIGH
SP-2057,cardiac,adult,1,1,1,29,1,2,8,HIGH
SP-2058,bleeding,elderly,0,1,2,10,0,0,1,MODERATE
SP-2059,bleeding,adult,0,2,2,13,0,0,7,HIGH
SP-2060,injury,elderly,0,3,1,19,0,0,8,HIGH
SP-2061,injury,child,0,3,3,41,0,0,1,LOW
SP-2062,bleeding,child,1,3,1,82,0,0,10,HIGH
SP-2063,injury,adult,0,2,2,29,0,0,10,HIGH
SP-2064,bleeding,child,1,3,2,10,0,0,9,HIGH
SP-2065,injury,elderly,0,1,2,10,0,0,5,LOW
SP-2066,injury,adult,1,3,1,26,0,0,1,HIGH
SP-2067,bleeding,adult,1,1,1,5,0,0,4,HIGH
SP-2068,cardiac,adult,1,2,3,2,1,1,10,HIGH
SP-2069,burns,child,1,1,2,8,0,0,4,HIGH
SP-2070,cardiac,adult,0,1,2,6,0,0,6,MODERATE
SP-2071,bleeding,adult,0,1,2,7,0,0,1,MODERATE
SP-2072,injury,elderly,0,2,1,5,0,0,1,MODERATE
SP-2073,choking,adult,0,2,3,1,0,0,4,MODERATE
SP-2074,bleeding,child,0,3,1,1,0,0,7,HIGH
SP-2075,burns,adult,1,1,2,87,0,0,6,HIGH
SP-2076,injury,elderly,1,3,1,11,0,0,2,HIGH
SP-2077,burns,adult,1,3,2,9,0,0,6,HIGH
SP-2078,bleeding,elderly,0,3,1,22,0,0,9,HIGH
SP-2079,choking,elderly,0,3,3,4,0,0,8,MODERATE
SP-2080,injury,child,0,3,2,59,0,0,9,LOW
SP-2081,choking,adult,0,2,3,30,0,0,8,MODERATE
SP-2082,injury,adult,0,1,1,1,0,0,4,LOW
SP-2083,cardiac,elderly,0,3,1,10,0,0,6,HIGH
SP-2084,bleeding,adult,0,3,2,42,0,0,4,HIGH
SP-2085,cardiac,adult,1,2,2,57,1,1,8,HIGH
SP-2086,bleeding,child,1,1,2,12,0,1,2,HIGH
SP-2087,injury,adult,0,1,2,19,0,0,4,LOW
SP-2088,burns,adult,0,3,2,3,0,0,5,MODERATE
SP-2089,choking,child,1,3,1,94,1,1,9,HIGH
SP-2090,choking,elderly,1,2,2,5,1,1,10,HIGH
SP-2091,burns,elderly,0,1,1,57,0,0,4,HIGH
SP-2092,cardiac,adult,0,2,2,20,0,0,2,MODERATE
SP-2093,cardiac,adult,0,2,3,18,0,0,1,MODERATE
SP-2094,burns,adult,1,3,1,14,0,0,8,HIGH
SP-2095,cardiac,adult,1,2,3,5,1,1,9,HIGH
SP-2096,injury,elderly,0,1,1,3,0,0,6,LOW
SP-2097,injury,elderly,0,2,1,4,0,0,7,MODERATE
SP-2098,choking,adult,0,2,3,4,0,0,5,MODERATE
SP-2099,bleeding,elderly,1,3,2,30,0,1,1,HIGH
SP-2100,choking,adult,0,2,3,8,0,0,9,MODERATE
SP-2101,burns,adult,1,2,2,1,0,0,3,HIGH
SP-2102,bleeding,adult,0,1,1,69,0,0,4,HIGH
SP-2103,burns,adult,0,2,3,43,0,0,4,HIGH
SP-2104,bleeding,elderly,0,2,1,52,0,0,7,MODERATE
SP-2105,injury,elderly,0,2,2,105,0,0,10,HIGH
SP-2106,cardiac,adult,0,3,2,3,0,0,7,MODERATE
SP-2107,injury,adult,0,2,2,10,0,0,3,MODERATE
SP-2108,bleeding,adult,0,1,2,28,0,0,9,HIGH
SP-2109,burns,elderly,1,2,3,23,0,0,2,HIGH
SP-2110,choking,adult,0,1,2,3,0,0,4,LOW
SP-2111,cardiac,adult,0,3,2,33,0,0,4,MODERATE
SP-2112,bleeding,adult,0,1,2,5,0,0,8,MODERATE
SP-2113,burns,adult,1,2,1,5,0,0,8,HIGH
SP-2114,bleeding,adult,0,1,2,15,0,0,2,MODERATE
SP-2115,bleeding,adult,1,1,2,17,0,1,6,HIGH
SP-2116,injury,adult,0,3,1,17,0,0,9,HIGH
SP-2117,cardiac,adult,0,2,1,1,0,0,10,MODERATE
SP-2118,burns,elderly,0,2,1,41,0,0,4,HIGH
SP-2119,choking,elderly,1,3,3,6,1,1,2,HIGH
SP-2120,burns,adult,0,1,2,2,0,0,9,HIGH
SP-2121,burns,adult,0,3,2,43,0,0,7,MODERATE
SP-2122,burns,child,0,3,2,62,0,0,1,MODERATE
SP-2123,choking,adult,1,2,1,39,1,1,2,HIGH
SP-2124,cardiac,elderly,1,1,3,33,1,2,9,HIGH
SP-2125,injury,adult,1,3,3,21,0,0,7,HIGH
SP-2126,choking,child,1,3,2,16,1,2,8,HIGH
SP-2127,cardiac,adult,0,3,3,1,0,0,4,MODERATE
SP-2128,bleeding,adult,0,3,2,10,0,0,4,HIGH
SP-2129,choking,adult,1,2,1,9,1,2,1,HIGH
SP-2130,cardiac,adult,0,2,1,6,0,0,5,MODERATE
SP-2131,cardiac,adult,1,2,1,25,1,1,8,HIGH
SP-2132,injury,child,0,3,1,13,0,0,4,LOW
SP-2133,cardiac,adult,0,1,2,1,0,0,2,LOW
SP-2134,burns,elderly,0,1,1,4,0,0,3,HIGH
SP-2135,burns,adult,0,2,3,22,0,0,8,HIGH
SP-2136,burns,adult,0,2,2,1,0,0,10,HIGH
SP-2137,cardiac,child,0,2,2,38,0,0,7,MODERATE
SP-2138,injury,adult,0,2,1,13,0,0,8,HIGH
SP-2139,choking,adult,0,1,3,13,0,0,3,LOW
SP-2140,cardiac,adult,0,2,1,17,0,0,6,MODERATE
SP-2141,burns,child,1,3,3,34,0,0,6,HIGH
SP-2142,choking,adult,1,2,3,8,1,2,10,HIGH
SP-2143,bleeding,adult,1,3,1,22,0,0,4,HIGH
SP-2144,choking,adult,1,2,3,16,1,2,6,HIGH
SP-2145,burns,adult,0,1,2,6,0,0,1,MODERATE
SP-2146,cardiac,elderly,0,1,2,42,0,0,4,MODERATE
SP-2147,bleeding,adult,1,2,2,31,0,1,10,HIGH
SP-2148,cardiac,child,1,2,2,21,1,1,8,HIGH
SP-2149,bleeding,child,0,3,2,38,0,0,3,HIGH
SP-2150,choking,child,1,1,2,40,1,1,1,HIGH
SP-2151,cardiac,adult,0,3,2,24,0,0,3,LOW
SP-2152,burns,child,0,1,3,36,0,0,2,HIGH
SP-2153,bleeding,adult,0,1,2,23,0,0,7,HIGH
SP-2154,burns,child,0,1,2,22,0,0,2,MODERATE
SP-2155,cardiac,adult,0,1,1,19,0,0,1,MODERATE
SP-2156,bleeding,child,0,3,1,27,0,0,7,HIGH
SP-2157,cardiac,adult,1,2,3,3,1,1,8,HIGH
SP-2158,choking,elderly,0,1,2,42,0,0,7,LOW
SP-2159,choking,elderly,1,1,2,41,1,1,7,HIGH
SP-2160,injury,child,0,3,2,1,0,0,4,MODERATE
SP-2161,cardiac,adult,0,3,1,34,0,0,1,MODERATE
SP-2162,bleeding,elderly,0,3,2,2,0,0,8,HIGH
SP-2163,bleeding,adult,0,2,3,8,0,0,2,MODERATE
SP-2164,burns,elderly,0,3,3,27,0,0,9,HIGH
SP-2165,injury,elderly,1,2,1,3,0,0,8,HIGH
SP-2166,burns,adult,1,3,3,34,0,0,2,HIGH
SP-2167,choking,elderly,1,2,1,35,1,1,5,HIGH
SP-2168,burns,elderly,1,3,3,14,0,0,8,HIGH
SP-2169,injury,elderly,0,3,1,1,0,0,6,MODERATE
SP-2170,cardiac,adult,0,3,2,6,0,0,4,MODERATE
SP-2171,bleeding,child,1,2,3,19,0,0,10,HIGH
SP-2172,choking,child,1,2,2,79,1,1,10,HIGH
SP-2173,burns,elderly,1,2,2,19,0,0,6,HIGH
SP-2174,injury,adult,0,1,2,6,0,0,1,LOW
SP-2175,choking,elderly,0,2,3,20,0,0,8,MODERATE
SP-2176,bleeding,adult,0,2,3,15,0,0,2,HIGH
SP-2177,burns,adult,1,3,2,30,0,0,1,HIGH
SP-2178,burns,elderly,1,1,3,2,0,0,1,HIGH
SP-2179,cardiac,adult,1,3,1,28,1,1,8,HIGH
SP-2180,cardiac,elderly,1,2,2,15,1,1,8,HIGH
SP-2181,burns,adult,0,3,2,65,0,0,2,MODERATE
SP-2182,bleeding,elderly,0,3,2,8,0,0,8,HIGH
SP-2183,cardiac,adult,0,1,1,20,0,0,4,MODERATE
SP-2184,injury,child,0,1,2,53,0,0,7,LOW
SP-2185,choking,elderly,1,1,1,2,1,1,2,HIGH
SP-2186,burns,adult,0,2,1,55,0,0,1,MODERATE
SP-2187,injury,elderly,1,3,3,23,0,0,7,HIGH
SP-2188,bleeding,elderly,0,3,2,1,0,0,5,HIGH
SP-2189,bleeding,child,1,2,3,7,0,1,9,HIGH
SP-2190,cardiac,adult,0,3,1,24,0,0,10,MODERATE
SP-2191,cardiac,adult,0,1,1,1,0,0,6,MODERATE
SP-2192,bleeding,adult,0,3,3,17,0,0,8,HIGH
SP-2193,bleeding,elderly,0,1,3,8,0,0,2,MODERATE
SP-2194,injury,adult,0,2,1,19,0,0,1,MODERATE
SP-2195,injury,adult,0,1,1,1,0,0,2,LOW
SP-2196,cardiac,elderly,1,3,1,41,1,2,8,HIGH
SP-2197,injury,elderly,0,2,3,72,0,0,9,HIGH
SP-2198,injury,elderly,0,2,3,69,0,0,9,HIGH
SP-2199,bleeding,adult,1,1,1,27,0,0,5,HIGH
SP-2200,injury,adult,0,2,2,2,0,0,3,MODERATE
SP-2201,choking,adult,0,1,2,28,0,0,8,LOW
SP-2202,burns,adult,1,1,3,1,0,0,5,HIGH
SP-2203,choking,adult,1,3,3,1,1,1,10,HIGH
SP-2204,cardiac,adult,0,3,1,7,0,0,2,MODERATE
SP-2205,injury,adult,0,2,3,13,0,0,2,MODERATE
SP-2206,burns,adult,1,1,2,29,0,0,4,HIGH
SP-2207,burns,adult,0,2,3,22,0,0,8,HIGH
SP-2208,choking,adult,1,3,1,11,1,1,1,HIGH
SP-2209,choking,elderly,1,3,3,6,1,1,9,HIGH
SP-2210,burns,adult,0,3,3,117,0,0,3,HIGH
SP-2211,choking,child,1,3,3,11,1,1,6,HIGH
SP-2212,cardiac,child,1,2,2,12,1,2,9,HIGH
SP-2213,injury,elderly,1,1,2,3,0,0,2,HIGH
SP-2214,bleeding,adult,1,1,3,31,0,0,4,HIGH
SP-2215,choking,adult,1,2,1,23,1,1,7,HIGH
SP-2216,cardiac,adult,0,3,3,4,0,0,2,MODERATE
SP-2217,bleeding,adult,1,3,3,1,0,1,6,HIGH
SP-2218,injury,adult,1,1,3,22,0,0,8,HIGH
SP-2219,injury,elderly,0,1,1,21,0,0,6,LOW
SP-2220,cardiac,adult,1,1,2,6,1,2,8,HIGH
SP-2221,bleeding,adult,0,2,2,60,0,0,5,HIGH
SP-2222,burns,elderly,1,3,3,3,0,0,1,HIGH
SP-2223,bleeding,adult,0,3,2,11,0,0,6,HIGH
SP-2224,burns,adult,0,1,1,57,0,0,7,LOW
SP-2225,burns,adult,0,2,1,10,0,0,3,MODERATE
SP-2226,choking,adult,1,2,1,20,1,1,9,HIGH
SP-2227,cardiac,child,1,2,3,10,1,2,8,HIGH
SP-2228,burns,child,0,2,1,6,0,0,3,HIGH
SP-2229,burns,adult,0,2,3,82,0,0,5,HIGH
SP-2230,burns,adult,1,2,3,10,0,0,7,HIGH
SP-2231,burns,child,0,3,1,44,0,0,4,LOW
SP-2232,injury,adult,0,2,2,5,0,0,5,MODERATE
SP-2233,injury,child,0,3,1,4,0,0,4,LOW
SP-2234,burns,adult,0,2,1,1,0,0,8,HIGH
SP-2235,injury,adult,0,1,3,21,0,0,3,LOW
SP-2236,burns,elderly,1,2,1,9,0,0,10,HIGH
SP-2237,injury,adult,0,3,1,39,0,0,4,LOW
SP-2238,bleeding,adult,1,2,2,12,0,0,5,HIGH
SP-2239,bleeding,child,1,1,1,68,0,1,6,HIGH
SP-2240,bleeding,adult,0,2,2,4,0,0,6,MODERATE
SP-2241,injury,elderly,0,1,2,40,0,0,6,LOW
SP-2242,injury,adult,0,1,3,29,0,0,5,LOW
SP-2243,burns,adult,1,3,1,29,0,0,1,HIGH
SP-2244,burns,child,1,2,1,37,0,0,2,HIGH
SP-2245,cardiac,elderly,0,1,3,28,0,0,3,LOW
SP-2246,injury,adult,0,3,2,19,0,0,6,MODERATE
SP-2247,bleeding,adult,1,3,3,2,0,1,1,HIGH
SP-2248,choking,child,1,3,1,1,1,1,4,HIGH
SP-2249,injury,elderly,0,1,2,50,0,0,9,LOW
SP-2250,choking,adult,1,1,1,19,1,2,10,HIGH
SP-2251,injury,adult,1,3,3,31,0,0,9,HIGH
SP-2252,choking,adult,0,1,1,13,0,0,1,LOW
SP-2253,choking,elderly,1,2,1,2,1,1,4,HIGH
SP-2254,choking,adult,1,2,2,2,1,1,2,HIGH
SP-2255,burns,adult,1,3,2,23,0,0,6,HIGH
SP-2256,choking,adult,1,2,1,11,1,2,5,HIGH
SP-2257,injury,child,1,3,3,4,0,0,7,HIGH
SP-2258,injury,adult,0,2,1,13,0,0,6,MODERATE
SP-2259,cardiac,child,1,1,3,1,1,2,8,HIGH
SP-2260,bleeding,adult,0,2,1,17,0,0,3,MODERATE
SP-2261,choking,child,0,1,1,6,0,0,7,LOW
SP-2262,cardiac,adult,0,3,2,31,0,0,2,LOW
SP-2263,cardiac,adult,0,1,1,7,0,0,1,LOW
SP-2264,choking,child,1,3,3,12,1,1,1,HIGH
SP-2265,injury,adult,0,2,3,1,0,0,2,MODERATE
SP-2266,cardiac,elderly,0,2,2,1,0,0,8,HIGH
SP-2267,choking,adult,0,1,1,9,0,0,1,LOW
SP-2268,cardiac,child,1,1,1,13,1,1,8,HIGH
SP-2269,choking,adult,1,3,2,18,1,1,2,HIGH
SP-2270,choking,adult,1,3,2,6,1,1,2,HIGH
SP-2271,bleeding,adult,0,1,2,23,0,0,9,MODERATE
SP-2272,choking,adult,0,2,2,39,0,0,2,MODERATE
SP-2273,choking,elderly,1,3,1,30,1,1,1,HIGH
SP-2274,burns,adult,1,2,2,1,0,0,8,HIGH
SP-2275,choking,child,1,2,1,13,1,1,3,HIGH
SP-2276,cardiac,adult,0,2,3,2,0,0,6,MODERATE
SP-2277,injury,adult,0,3,2,5,0,0,9,LOW
SP-2278,cardiac,adult,0,3,3,86,0,0,4,MODERATE
SP-2279,burns,elderly,0,1,2,3,0,0,9,HIGH
SP-2280,choking,adult,1,1,2,13,1,2,8,HIGH
SP-2281,cardiac,adult,0,1,1,19,0,0,3,LOW
SP-2282,bleeding,adult,0,2,2,24,0,0,1,MODERATE
SP-2283,injury,elderly,0,1,1,16,0,0,6,LOW
SP-2284,cardiac,child,1,1,2,1,1,1,8,HIGH
SP-2285,choking,adult,1,3,3,7,1,2,1,HIGH
SP-2286,bleeding,adult,0,1,3,14,0,0,3,HIGH
SP-2287,cardiac,adult,0,2,3,1,0,0,9,MODERATE
SP-2288,burns,adult,1,1,3,8,0,0,7,HIGH
SP-2289,injury,child,0,2,1,1,0,0,9,HIGH
SP-2290,cardiac,adult,1,3,2,1,1,2,8,HIGH
SP-2291,cardiac,child,1,1,1,10,1,1,8,HIGH
SP-2292,choking,child,1,1,1,2,1,1,4,HIGH
SP-2293,injury,adult,0,1,1,16,0,0,5,LOW
SP-2294,cardiac,child,0,2,1,23,0,0,5,MODERATE
SP-2295,cardiac,adult,0,2,2,32,0,0,6,MODERATE
SP-2296,injury,child,0,1,1,4,0,0,10,LOW
SP-2297,bleeding,adult,1,1,3,3,0,1,8,HIGH
SP-2298,burns,elderly,1,3,3,2,0,0,3,HIGH
SP-2299,injury,elderly,1,3,3,20,0,0,9,HIGH
SP-2300,choking,adult,1,3,2,24,1,1,1,HIGH
SP-2301,burns,elderly,1,3,1,1,0,0,3,HIGH
SP-2302,bleeding,child,0,2,3,55,0,0,2,MODERATE
SP-2303,choking,child,0,2,3,1,0,0,6,MODERATE
SP-2304,cardiac,adult,1,2,2,15,1,2,8,HIGH
SP-2305,cardiac,child,0,2,2,24,0,0,7,MODERATE
SP-2306,injury,elderly,0,2,1,40,0,0,7,MODERATE
SP-2307,bleeding,adult,0,3,1,25,0,0,4,HIGH
SP-2308,bleeding,adult,1,1,3,32,0,1,7,HIGH
SP-2309,bleeding,adult,1,2,3,8,0,0,9,HIGH
SP-2310,bleeding,elderly,0,2,2,33,0,0,4,MODERATE
SP-2311,injury,adult,0,3,3,1,0,0,8,LOW
SP-2312,cardiac,child,0,1,2,45,0,0,10,MODERATE
SP-2313,choking,elderly,0,2,1,15,0,0,1,MODERATE
SP-2314,cardiac,adult,0,3,1,33,0,0,2,LOW
SP-2315,bleeding,adult,0,3,2,12,0,0,7,HIGH
SP-2316,bleeding,child,0,2,2,20,0,0,5,MODERATE
SP-2317,cardiac,adult,1,1,3,14,1,2,8,HIGH
SP-2318,injury,elderly,0,3,1,26,0,0,2,LOW
SP-2319,choking,child,1,2,1,1,1,2,8,HIGH
SP-2320,cardiac,adult,0,3,1,1,0,0,8,MODERATE
SP-2321,injury,child,0,1,3,5,0,0,4,LOW
SP-2322,cardiac,adult,1,1,1,3,1,2,10,HIGH
SP-2323,bleeding,adult,0,2,3,41,0,0,2,MODERATE
SP-2324,cardiac,adult,1,3,2,4,1,2,9,HIGH
SP-2325,cardiac,adult,0,1,3,74,0,0,10,MODERATE
SP-2326,cardiac,adult,0,3,3,8,0,0,2,LOW
SP-2327,bleeding,adult,0,2,1,4,0,0,8,MODERATE
SP-2328,cardiac,adult,0,1,3,31,0,0,5,MODERATE
SP-2329,cardiac,adult,1,1,1,21,1,2,8,HIGH
SP-2330,cardiac,adult,0,3,3,13,0,0,7,MODERATE
SP-2331,injury,adult,0,3,2,16,0,0,5,LOW
SP-2332,burns,child,0,2,1,25,0,0,1,HIGH
SP-2333,injury,elderly,0,3,2,5,0,0,6,LOW
SP-2334,injury,elderly,1,1,3,112,0,0,7,HIGH
SP-2335,burns,elderly,0,2,3,73,0,0,3,HIGH
SP-2336,burns,child,1,1,3,21,0,0,2,HIGH
SP-2337,choking,elderly,0,1,2,4,0,0,4,LOW
SP-2338,injury,child,1,3,3,22,0,0,9,HIGH
SP-2339,burns,elderly,0,3,3,1,0,0,6,HIGH
SP-2340,burns,adult,0,1,3,1,0,0,7,HIGH
SP-2341,burns,adult,1,3,3,5,0,0,2,HIGH
SP-2342,burns,adult,0,1,1,12,0,0,2,HIGH
SP-2343,cardiac,child,0,1,2,40,0,0,2,MODERATE
SP-2344,cardiac,adult,0,2,3,25,0,0,8,MODERATE
SP-2345,burns,adult,0,3,3,27,0,0,1,HIGH
SP-2346,injury,adult,1,1,1,11,0,0,9,HIGH
SP-2347,bleeding,adult,1,3,3,8,0,1,3,HIGH
SP-2348,bleeding,adult,1,1,1,9,0,1,3,HIGH
SP-2349,choking,adult,1,3,2,87,1,1,8,HIGH
SP-2350,cardiac,elderly,1,2,1,1,1,1,8,HIGH
SP-2351,injury,adult,0,1,3,40,0,0,8,LOW
SP-2352,choking,elderly,0,3,1,17,0,0,10,MODERATE
SP-2353,bleeding,adult,1,1,3,11,0,1,5,HIGH
SP-2354,injury,adult,0,1,1,25,0,0,3,LOW
SP-2355,burns,child,0,3,2,13,0,0,6,MODERATE
SP-2356,bleeding,adult,1,1,2,41,0,0,10,HIGH
SP-2357,cardiac,adult,0,1,3,46,0,0,4,MODERATE
SP-2358,bleeding,adult,0,3,2,10,0,0,7,HIGH
SP-2359,cardiac,adult,0,2,2,6,0,0,2,LOW
SP-2360,choking,adult,1,1,3,17,1,2,1,HIGH
SP-2361,bleeding,elderly,0,2,1,48,0,0,7,MODERATE
SP-2362,choking,adult,1,1,2,4,1,1,2,HIGH
SP-2363,choking,elderly,1,2,1,19,1,1,9,HIGH
SP-2364,choking,adult,1,2,2,19,1,1,2,HIGH
SP-2365,burns,child,1,1,1,26,0,0,2,HIGH
SP-2366,burns,child,1,1,3,2,0,0,6,HIGH
SP-2367,bleeding,adult,1,1,1,25,0,0,1,HIGH
SP-2368,injury,elderly,1,2,2,47,0,0,3,HIGH
SP-2369,choking,elderly,0,3,2,3,0,0,8,MODERATE
SP-2370,cardiac,adult,0,2,2,5,0,0,8,MODERATE
SP-2371,choking,adult,0,2,3,71,0,0,4,MODERATE
SP-2372,bleeding,child,1,2,1,3,0,1,4,HIGH
SP-2373,burns,adult,0,2,1,38,0,0,10,HIGH
SP-2374,choking,adult,1,3,1,13,1,2,9,HIGH
SP-2375,cardiac,elderly,0,3,3,5,0,0,4,HIGH
SP-2376,cardiac,child,1,2,3,40,1,2,8,HIGH
SP-2377,bleeding,adult,0,2,1,11,0,0,5,MODERATE
SP-2378,choking,child,0,3,1,14,0,0,6,MODERATE
SP-2379,injury,adult,0,2,2,8,0,0,6,MODERATE
SP-2380,cardiac,child,1,1,2,17,1,1,8,HIGH
SP-2381,bleeding,adult,0,3,1,3,0,0,2,HIGH
SP-2382,choking,adult,0,3,1,9,0,0,5,MODERATE
SP-2383,cardiac,adult,0,1,3,69,0,0,5,MODERATE
SP-2384,burns,adult,0,2,3,5,0,0,10,HIGH
SP-2385,injury,adult,0,2,3,21,0,0,4,MODERATE
SP-2386,choking,elderly,1,1,1,7,1,2,8,HIGH
SP-2387,bleeding,child,1,1,3,29,0,0,6,HIGH
SP-2388,burns,adult,0,1,1,2,0,0,10,HIGH
SP-2389,injury,child,0,1,1,70,0,0,2,LOW
SP-2390,choking,elderly,0,2,3,12,0,0,8,MODERATE
SP-2391,choking,adult,0,3,3,5,0,0,10,MODERATE
SP-2392,bleeding,child,0,2,1,1,0,0,3,MODERATE
SP-2393,cardiac,adult,1,3,1,3,1,2,8,HIGH
SP-2394,injury,elderly,0,2,3,14,0,0,3,MODERATE
SP-2395,cardiac,adult,1,2,2,8,1,2,8,HIGH
SP-2396,bleeding,adult,0,2,3,35,0,0,6,HIGH
SP-2397,burns,adult,0,1,3,11,0,0,5,HIGH
SP-2398,choking,child,0,2,1,5,0,0,8,MODERATE
SP-2399,bleeding,adult,0,1,2,19,0,0,6,MODERATE
SP-2400,choking,elderly,0,3,3,24,0,0,9,MODERATE
SP-2401,burns,adult,1,1,2,3,0,0,4,HIGH
SP-2402,cardiac,adult,0,1,2,3,0,0,5,MODERATE
SP-2403,choking,elderly,0,1,3,1,0,0,4,LOW
SP-2404,choking,child,1,3,3,26,1,2,8,HIGH
SP-2405,cardiac,child,1,3,2,21,1,1,8,HIGH
SP-2406,cardiac,adult,0,2,2,12,0,0,1,LOW
SP-2407,burns,adult,0,2,1,37,0,0,10,HIGH
SP-2408,injury,elderly,0,1,2,32,0,0,3,LOW
SP-2409,injury,adult,1,1,1,17,0,0,1,HIGH
SP-2410,injury,child,1,2,3,40,0,0,8,HIGH
SP-2411,injury,adult,0,3,3,4,0,0,1,LOW
SP-2412,cardiac,child,1,3,3,2,1,1,8,HIGH
SP-2413,bleeding,elderly,0,3,3,6,0,0,4,HIGH
SP-2414,bleeding,adult,0,1,1,1,0,0,2,HIGH
SP-2415,bleeding,elderly,1,2,2,15,0,1,8,HIGH
SP-2416,injury,adult,1,3,3,55,0,0,8,HIGH
SP-2417,bleeding,child,0,3,3,1,0,0,4,HIGH
SP-2418,cardiac,adult,1,2,3,2,1,1,8,HIGH
SP-2419,cardiac,adult,0,1,2,12,0,0,7,MODERATE
SP-2420,cardiac,child,0,2,1,54,0,0,10,MODERATE
SP-2421,injury,adult,1,2,1,7,0,0,8,HIGH
SP-2422,burns,adult,1,3,1,14,0,0,6,HIGH
SP-2423,burns,adult,1,2,3,1,0,0,10,HIGH
SP-2424,choking,elderly,1,3,2,3,1,1,7,HIGH
SP-2425,cardiac,adult,0,1,3,86,0,0,9,MODERATE
SP-2426,injury,elderly,0,2,3,67,0,0,10,MODERATE
SP-2427,burns,adult,1,3,1,1,0,0,8,HIGH
SP-2428,burns,child,0,1,3,60,0,0,7,HIGH
SP-2429,injury,adult,0,1,3,20,0,0,2,LOW
SP-2430,bleeding,elderly,0,2,1,40,0,0,8,HIGH
SP-2431,burns,child,0,2,2,12,0,0,5,MODERATE
SP-2432,injury,elderly,1,1,1,14,0,0,10,HIGH
SP-2433,bleeding,elderly,0,1,2,13,0,0,7,HIGH
SP-2434,injury,adult,0,1,3,21,0,0,8,LOW
SP-2435,burns,elderly,1,2,2,3,0,0,7,HIGH
SP-2436,injury,adult,0,1,2,1,0,0,4,LOW
SP-2437,choking,elderly,1,2,2,7,1,2,6,HIGH
SP-2438,bleeding,adult,0,1,3,24,0,0,10,MODERATE
SP-2439,bleeding,adult,0,2,3,4,0,0,1,MODERATE
SP-2440,bleeding,child,1,3,3,22,0,1,6,HIGH
SP-2441,burns,adult,0,3,3,70,0,0,1,HIGH
SP-2442,injury,elderly,0,3,2,1,0,0,3,LOW
SP-2443,injury,adult,1,2,2,22,0,0,8,HIGH
SP-2444,bleeding,elderly,0,1,1,11,0,0,9,LOW
SP-2445,bleeding,adult,0,1,2,40,0,0,7,MODERATE
SP-2446,burns,child,1,1,3,3,0,0,6,HIGH
SP-2447,burns,adult,0,3,1,23,0,0,4,HIGH
SP-2448,injury,adult,0,1,3,36,0,0,4,LOW
SP-2449,burns,adult,0,2,2,57,0,0,10,HIGH
SP-2450,injury,adult,1,3,1,22,0,0,2,HIGH
SP-2451,choking,elderly,1,1,2,13,1,1,5,HIGH
SP-2452,burns,adult,1,2,2,19,0,0,9,HIGH
SP-2453,injury,adult,0,1,1,40,0,0,3,LOW
SP-2454,injury,adult,0,2,3,16,0,0,3,MODERATE
SP-2455,cardiac,elderly,1,1,2,1,1,1,8,HIGH
SP-2456,choking,elderly,1,1,1,53,1,1,5,HIGH
SP-2457,cardiac,adult,0,1,1,23,0,0,4,MODERATE
SP-2458,injury,child,1,2,1,22,0,0,9,HIGH
SP-2459,choking,elderly,1,2,3,4,1,1,4,HIGH
SP-2460,cardiac,elderly,1,3,3,21,1,2,8,HIGH
SP-2461,choking,elderly,0,3,2,10,0,0,7,MODERATE
SP-2462,burns,elderly,1,2,3,21,0,0,4,HIGH
SP-2463,choking,child,0,1,3,2,0,0,5,LOW
SP-2464,choking,adult,0,2,3,21,0,0,10,MODERATE
SP-2465,choking,elderly,1,2,2,148,1,2,1,HIGH
SP-2466,cardiac,adult,0,3,1,1,0,0,7,MODERATE
SP-2467,injury,adult,0,1,2,75,0,0,3,LOW
SP-2468,cardiac,child,0,3,1,10,0,0,3,LOW
SP-2469,bleeding,child,0,3,2,40,0,0,10,HIGH
SP-2470,choking,elderly,0,1,3,30,0,0,6,LOW
SP-2471,bleeding,child,0,2,1,16,0,0,9,MODERATE
SP-2472,cardiac,child,0,2,2,26,0,0,3,LOW
SP-2473,choking,adult,1,2,3,42,1,1,6,HIGH
SP-2474,burns,adult,0,2,1,10,0,0,10,HIGH
SP-2475,injury,adult,1,3,3,7,0,0,10,HIGH
SP-2476,injury,child,0,3,1,22,0,0,7,MODERATE
SP-2477,burns,adult,0,3,3,32,0,0,9,HIGH
SP-2478,injury,elderly,0,3,2,28,0,0,9,LOW
SP-2479,injury,adult,1,1,2,31,0,0,4,HIGH
SP-2480,choking,adult,1,1,3,11,1,1,4,HIGH
SP-2481,bleeding,adult,0,3,1,34,0,0,6,HIGH
SP-2482,cardiac,adult,0,1,3,2,0,0,4,MODERATE
SP-2483,choking,adult,1,1,1,15,1,1,7,HIGH
SP-2484,burns,elderly,0,2,1,1,0,0,3,MODERATE
SP-2485,cardiac,adult,1,1,1,7,1,2,8,HIGH
SP-2486,burns,adult,0,3,2,9,0,0,7,MODERATE
SP-2487,choking,child,1,2,3,10,1,1,10,HIGH
SP-2488,choking,elderly,1,2,3,23,1,1,8,HIGH
SP-2489,burns,adult,1,3,3,9,0,0,9,HIGH
SP-2490,choking,adult,0,2,2,11,0,0,6,MODERATE
SP-2491,bleeding,adult,0,2,2,5,0,0,1,HIGH
SP-2492,cardiac,adult,1,2,2,9,1,2,8,HIGH
SP-2493,burns,adult,0,2,3,5,0,0,10,HIGH
SP-2494,choking,adult,1,2,1,1,1,2,3,HIGH
SP-2495,bleeding,elderly,0,3,2,18,0,0,3,HIGH
SP-2496,burns,child,1,1,3,22,0,0,9,HIGH
SP-2497,bleeding,adult,1,2,3,19,0,1,7,HIGH
SP-2498,choking,elderly,0,3,3,12,0,0,2,MODERATE
SP-2499,burns,elderly,1,3,3,9,0,0,2,HIGH
SP-2500,burns,adult,0,2,1,39,0,0,9,HIGH
